Event,Team,Robot weight,Red bumper weight,Blue bumper weight
2026alhu,34,99.2,9.5,9.4
2026alhu,120,106.3,14.2,13.3
2026alhu,538,106.2,9.1,9.1
2026alhu,744,112.9,13.8,13.7
2026alhu,1308,113.7,10.3,10.5
2026alhu,1466,93.3,10.1,9.6
2026alhu,1912,111.5,13.7,13.7
2026alhu,2393,103.2,12.2,12.9
2026alhu,2481,115,19.3,19.8
2026alhu,2556,113.5,12.3,12.4
2026alhu,2638,107,10.4,10.4
2026alhu,2783,111.5,10.6,10.7
2026alhu,2973,103.4,9.5,10
2026alhu,3140,108.3,10.2,10.2
2026alhu,3201,114,13,12.6
2026alhu,3260,114.9,11.1,11.1
2026alhu,3492,112,10.4,10.4
2026alhu,3792,98.5,11.2,11.3
2026alhu,3959,113.4,12.2,11.9
2026alhu,3966,101.4,14.1,13.5
2026alhu,3984,88.4,11.3,12.1
2026alhu,4020,107.1,14.9,14.6
2026alhu,4107,114.9,11.4,11.2
2026alhu,4150,110.4,14.2,14.4
2026alhu,4265,114.1,10.8,10.8
2026alhu,4306,61.8,8,9.2
2026alhu,4504,111.1,9.5,10.6
2026alhu,5002,104.3,12.8,12.9
2026alhu,5045,82.3,9.5,8.1
2026alhu,5125,50.7,10.4,10.1
2026alhu,5492,114.4,12.1,11.8
2026alhu,5740,106.5,14.8,14.7
2026alhu,5842,105.4,14.7,14.7
2026alhu,6107,66.5,8.8,8.7
2026alhu,6517,114.6,14.4,15.4
2026alhu,7111,107.2,16.8,16.5
2026alhu,7428,103.8,6.7,7
2026alhu,7515,109.6,11.3,11.3
2026alhu,7525,100.9,12.3,12.2
2026alhu,7917,96.2,13.2,13.1
2026alhu,8624,62.6,14,14
2026alhu,9067,104.4,13.7,13.7
2026alhu,9153,99,13.5,13.4
2026alhu,9401,100.1,12.9,12.8
2026alhu,10137,66.5,10.9,10.2
2026alhu,10961,86.2,14.9,12
2026alhu,11037,61.7,11.2,11.2
2026alhu,11173,71.1,11.6,11.4
2026arli,16,111.2,12,12.1
2026arli,127,94,10,9.8
2026arli,1209,114.1,12.1,12.3
2026arli,2036,114.1,14.2,14
2026arli,2341,96.9,5.5,8.8
2026arli,3184,108.7,15.2,15.2
2026arli,3468,84.7,10.8,10.2
2026arli,3937,113.7,12.8,12.9
2026arli,4499,114.7,11.7,13
2026arli,4522,112.5,18.7,18.8
2026arli,4603,110,11.2,11.2
2026arli,4764,80.7,10,10.9
2026arli,4766,108.2,17,17.1
2026arli,5437,64.9,8.9,9.4
2026arli,5454,106.1,10.8,10.1
2026arli,5472,115,15,14.6
2026arli,6186,82,15.4,15.4
2026arli,6424,100,14.3,13.5
2026arli,6647,114.9,14.2,14.5
2026arli,7255,81.8,12.7,12.7
2026arli,7483,97.9,17.8,17.3
2026arli,8753,108.4,14,14.6
2026arli,9067,105.2,13.6,13.5
2026arli,9073,90.8,9.7,9.7
2026arli,11102,84.7,12.5,12
2026ausc,3132,110.7,12.2,12
2026ausc,4613,113,13.7,13.5
2026ausc,4729,94,12,12
2026ausc,4739,103.1,13.6,27
2026ausc,4774,106.7,7.5,7.7
2026ausc,4788,95.8,10.6,10.5
2026ausc,5331,90.5,10.5,10.5
2026ausc,5584,114.6,12.8,12.8
2026ausc,5648,109.4,13.8,14.6
2026ausc,5876,86.1,11.2,11.2
2026ausc,5985,112.3,9.8,9.9
2026ausc,5988,63.7,11,10.5
2026ausc,6083,103.4,11.5,11.4
2026ausc,6432,85,10,10
2026ausc,6434,54.7,13.8,14.3
2026ausc,6497,114.2,12.1,12.3
2026ausc,6508,111.3,11.1,10.9
2026ausc,6510,114.8,11.8,11.7
2026ausc,6996,106.1,13.4,13.4
2026ausc,7113,76,10.1,10.1
2026ausc,7128,96,10,10
2026ausc,7433,114.7,12.1,12.3
2026ausc,7583,62.5,9.2,9.7
2026ausc,8613,111.5,13.5,13.7
2026ausc,8844,55,10.3,10.5
2026ausc,9146,67.4,10,10.1
2026ausc,9147,113.6,11.7,11.3
2026ausc,9189,63,10.2,10.2
2026ausc,9191,81,8.6,8.9
2026ausc,9433,70.8,7.9,8
2026ausc,9574,108.6,12.8,12
2026ausc,10002,115,11.5,11.2
2026ausc,10342,114,10,10
2026ausc,10350,81,9,9
2026ausc,10437,61,13,13
2026ausc,10958,70,10,9.5
2026ausc,11130,62,10,10
2026ausc,11379,94,9,9
2026azfg,60,104,11.2,11.3
2026azfg,244,82.1,11.6,12.1
2026azfg,288,94.2,13.3,11.1
2026azfg,698,113.1,14.2,13.8
2026azfg,987,109.9,9.9,9.9
2026azfg,991,109.1,13.4,13.5
2026azfg,996,52,11.8,11.8
2026azfg,1165,104.7,17.5,16.9
2026azfg,1212,111.3,14.3,14.3
2026azfg,1410,93.2,9.5,9.6
2026azfg,1828,80,14.9,14.9
2026azfg,2080,97.9,11.7,11.3
2026azfg,2122,101.4,15.4,16.9
2026azfg,2403,99.3,12.6,13.2
2026azfg,2478,95.9,11.2,11.1
2026azfg,2486,111.3,9.6,10.3
2026azfg,2662,79.4,11.8,11.8
2026azfg,2840,112.8,13.2,13
2026azfg,3009,112,16.3,16.1
2026azfg,3019,97.8,15.3,15.6
2026azfg,3216,113.7,13.1,13.1
2026azfg,3243,114.9,12.9,12.2
2026azfg,3245,110.1,12.8,13.4
2026azfg,3424,100.9,12.3,12
2026azfg,3944,94,13.8,13.8
2026azfg,4146,105.8,12.7,12.2
2026azfg,4731,114.5,12.4,11.9
2026azfg,5933,98.6,11.6,11.2
2026azfg,6352,114,10.4,10.4
2026azfg,6413,109.3,15.3,15.5
2026azfg,6479,104.3,13.4,13.3
2026azfg,6833,60.1,9.8,10
2026azfg,7333,111,7.9,7.9
2026azfg,7425,90.9,11.5,11.6
2026azfg,7426,110.9,11.8,11.6
2026azfg,7755,70.3,13.7,13.7
2026azfg,8012,90.7,10.4,11
2026azfg,8717,87.3,8.8,8.8
2026azfg,9059,114.4,13.4,13.4
2026azfg,9091,57.3,10.1,10.1
2026azfg,9501,103,11,10.8
2026azfg,9534,67.8,11.3,13
2026azfg,9704,115,11.6,12.3
2026azfg,9777,87.2,14.3,14.3
2026azfg,10114,112.3,12.5,12.4
2026azfg,10183,86.8,8.6,8.9
2026azfg,10380,107.4,21.4,21.4
2026azfg,10506,66.7,13,13
2026azfg,10905,98.2,17.6,17.6
2026azfg,10933,111.1,12.9,13.3
2026azfg,10980,113.9,11.5,11.5
2026azfg,10988,98,8.6,8.6
2026azfg,11100,105.4,18.5,18.9
2026azfg,11176,96.7,11.4,11.5
2026azfg,11479,99.6,11.3,11
2026brba,1156,114,12,12.1
2026brba,1860,113,10.5,11
2026brba,7033,113.4,15.9,15
2026brba,7459,85.4,13.6,13.6
2026brba,7563,114.8,9.3,9.3
2026brba,7565,114.9,11,10.9
2026brba,7567,103.9,12.6,12.5
2026brba,8066,61.3,9.9,9.9
2026brba,8882,114,11.6,11.8
2026brba,9045,80.4,6.6,7.1
2026brba,9046,59.9,6.8,6.8
2026brba,9047,114.8,10.9,10.9
2026brba,9048,107.1,9.5,11.1
2026brba,9049,93.4,11.2,11.1
2026brba,9050,100.4,10,10
2026brba,9066,97.8,13.7,13.7
2026brba,9085,114.6,9,8.8
2026brba,9110,101.1,13.4,12.9
2026brba,9162,101.9,8.9,9.1
2026brba,9163,114.8,12.8,13.6
2026brba,9164,89,13,13
2026brba,9166,87.4,9.7,9.7
2026brba,9169,95.7,9.7,8.9
2026brba,9175,114.1,7.6,7.6
2026brba,9195,63.6,9.6,9
2026brba,9199,105.6,16.8,15.2
2026brba,9200,113.6,12.2,12.2
2026brba,9219,102.7,13,13
2026brba,9302,94.7,15.3,12.5
2026brba,9305,72.4,10.7,10.7
2026brba,9458,112.1,11.2,11.1
2026brba,9459,114.5,11.4,11.2
2026brba,9460,114.3,9,9.1
2026brba,9461,101,9.3,10.5
2026brba,9484,105.4,13.1,12.8
2026brba,9485,114.6,13.7,13.7
2026brba,9486,99.6,10.8,11.2
2026brba,9611,108.4,9.9,10.7
2026brba,9614,74.2,6.9,8.4
2026brba,9617,98.5,11.7,13
2026brba,10263,73.5,10.5,10.6
2026brba,10291,81.8,6.6,6.6
2026brba,10295,66.1,9.4,9.6
2026brba,10297,71.7,9.8,10.3
2026brba,10345,99.4,9.4,9.3
2026brba,10356,90.7,7.2,7.5
2026brba,10917,83.4,8.4,7.9
2026brba,11105,73,11,12.1
2026brsp,1156,114,12,12.1
2026brsp,1772,72.4,9,9
2026brsp,1860,114.6,4.4,4.7
2026brsp,1884,114.9,6.4,6.8
2026brsp,5800,105.4,10.5,10.4
2026brsp,6404,110.7,11.5,10
2026brsp,6902,54.8,9.8,10.1
2026brsp,7033,114.6,7.3,6.8
2026brsp,7459,64.2,12.9,12.9
2026brsp,7563,115,9.4,9.4
2026brsp,7565,111.6,12.2,11.9
2026brsp,7567,114.8,5.6,5.7
2026brsp,8276,113,9.5,8.8
2026brsp,8882,114.6,10.8,10.8
2026brsp,9047,114.5,11.2,11.2
2026brsp,9085,114.9,9,8.9
2026brsp,9110,101,13.7,13.2
2026brsp,9162,102,9.5,9.3
2026brsp,9168,114.8,10.4,10.4
2026brsp,9169,100.9,10,10
2026brsp,9175,108.5,9.3,9.3
2026brsp,9178,98.1,8.4,8.6
2026brsp,9199,110.7,16.8,15.3
2026brsp,9200,113.2,12.9,12.9
2026brsp,9218,106.3,12.7,12.7
2026brsp,9219,99.2,13.2,13.2
2026brsp,9458,112,10.4,10.3
2026brsp,9459,114.6,11.8,11.7
2026brsp,9460,112.2,9,8.9
2026brsp,9461,114.9,8.6,8.6
2026brsp,9484,107.6,13.9,13.6
2026brsp,9485,115,13.9,13.9
2026brsp,9486,99.8,4.9,11.6
2026brsp,9487,114.8,13.4,13.2
2026brsp,9593,112.3,6.4,6.6
2026brsp,9602,93,6.2,6.2
2026brsp,9603,94,12,12
2026brsp,9604,110.9,11.4,11.5
2026brsp,9611,107.6,11.8,12.1
2026brsp,9657,83.7,14.3,14.6
2026brsp,10019,112.7,7.2,6.9
2026brsp,10190,102.8,9.8,9.9
2026brsp,10298,110.2,15.5,15.4
2026brsp,10343,94.1,11.9,12.1
2026brsp,10345,90.6,9.8,9.7
2026brsp,10466,93.9,13.9,17.5
2026brsp,11105,73,11,12.2
2026brsp,11188,99.6,9.9,10.1
2026brsp,11201,39.8,5.3,5.5
2026caasv,294,114.3,13.4,13.5
2026caasv,399,101.8,18.5,18
2026caasv,589,103.7,10.9,11
2026caasv,687,113.2,14.9,14.8
2026caasv,691,85.6,12.6,13.2
2026caasv,696,113.3,12.4,11.9
2026caasv,846,114.4,11.2,11
2026caasv,980,114.8,10.9,10.9
2026caasv,1452,106.2,19.3,20
2026caasv,1515,114.7,8.1,8.1
2026caasv,1622,97.4,13.9,14.2
2026caasv,2073,107.4,11.4,11.7
2026caasv,2404,96.5,13.5,13.6
2026caasv,2543,113.4,11.6,11
2026caasv,2637,112,9.8,9.8
2026caasv,2659,109.8,12.5,12.4
2026caasv,2839,111.3,10.3,10.1
2026caasv,3341,111.5,12.1,11.9
2026caasv,3749,92.7,11.3,11.9
2026caasv,3863,111,11.2,11.5
2026caasv,4419,113.9,9.9,10
2026caasv,4738,105.4,12.6,12.8
2026caasv,5012,109.4,13.4,13.1
2026caasv,5869,84.8,10.4,11
2026caasv,6060,83.2,14.3,15.2
2026caasv,6658,96.8,10.8,10.7
2026caasv,7419,112.3,13.9,14.1
2026caasv,7607,45.1,15.3,19.5
2026caasv,8119,107.7,14.2,14
2026caasv,8768,102.3,14.4,14.5
2026caasv,9471,60.6,8.2,8.8
2026caasv,9615,59.6,14.7,17.4
2026caasv,9706,75.7,14.6,14.8
2026caasv,11096,95.6,12.4,12.7
2026cacac,8,102.2,10.1,10.2
2026cacac,253,108.6,11.8,11.3
2026cacac,701,112.5,20.4,20.4
2026cacac,751,111.4,14.3,14.2
2026cacac,852,110.1,10.7,10.9
2026cacac,1072,105,11.7,11.2
2026cacac,1458,113.5,10.5,10.5
2026cacac,1967,114.3,11.6,11.6
2026cacac,2135,108.6,16.2,16.2
2026cacac,2141,114.5,9,9
2026cacac,2288,98.1,7.3,7.5
2026cacac,3189,104.7,11.3,11.7
2026cacac,3482,110.2,9.3,9.2
2026cacac,3669,100.3,7.9,7.9
2026cacac,4159,111.8,13.3,13.2
2026cacac,5274,103.5,12.1,11.9
2026cacac,5430,83.5,16.5,16.2
2026cacac,5458,106.4,12.3,12.5
2026cacac,5507,115,16,16.2
2026cacac,5728,49.3,11.5,11.5
2026cacac,5924,114.9,17.4,17.8
2026cacac,6619,108.4,11.8,11.6
2026cacac,6662,76.7,12,12
2026cacac,7137,112,13.8,13.8
2026cacac,7667,114.1,11.2,10.7
2026cacac,7777,101.7,7.3,11.4
2026cacac,8016,114.2,12.5,12.3
2026cacac,8048,95,13.9,13.7
2026cacac,8404,92.1,11.5,11
2026cacac,8840,74.1,12.7,12.7
2026cacac,9114,89.4,9.7,10.2
2026cacac,9125,96.2,9.1,9.4
2026cacac,10212,92.7,16.6,15.8
2026cacac,11243,63.2,11.7,11
2026cacac,11463,77.6,11.1,11.2
2026caclv,100,110.9,9.5,9.8
2026caclv,114,105.8,11.3,11.6
2026caclv,254,113.9,9.9,10
2026caclv,766,108.2,11.7,11.8
2026caclv,840,107.9,11.8,11
2026caclv,971,113.8,12.3,12.6
2026caclv,973,113,12.2,12
2026caclv,1323,113.8,19,18.9
2026caclv,1351,104.7,9.5,9.9
2026caclv,1388,112.4,11.7,11.7
2026caclv,1671,112.2,22.1,22
2026caclv,2367,113.8,11.8,11.6
2026caclv,3925,90.5,12.2,12.1
2026caclv,3970,113.3,14,14
2026caclv,4643,75.3,12.7,12.3
2026caclv,4765,108.9,9.7,13.2
2026caclv,5700,92,10.4,11
2026caclv,5817,105.5,16.5,17.1
2026caclv,6305,106.9,8.7,8.8
2026caclv,6657,112.2,11.4,11.4
2026caclv,6822,89,11.5,11.5
2026caclv,8768,102.3,14.2,13.9
2026caclv,8793,115,11.5,11.3
2026caclv,9584,113.9,13.2,12.3
2026caclv,9706,63.7,14.7,14.8
2026caclv,11296,64,8.7,8.2
2026caetb,192,92.7,13.9,13.9
2026caetb,199,106.1,12.2,12.4
2026caetb,841,110,17.7,17.3
2026caetb,972,111.3,13.7,13.6
2026caetb,1700,109.5,9.8,9.7
2026caetb,1854,95.2,12.2,11.9
2026caetb,2204,108,12.4,12.4
2026caetb,2473,103.5,17,17
2026caetb,2551,110.3,10,10
2026caetb,3256,114.5,14.5,15.1
2026caetb,4186,114.1,15.3,15.3
2026caetb,4255,102.4,11.1,10.9
2026caetb,4669,92.4,10.5,10.3
2026caetb,4698,111.7,9.6,9.8
2026caetb,4904,87.8,10.8,11.3
2026caetb,4973,95.8,16.1,16.1
2026caetb,5171,102.3,11.8,12.3
2026caetb,5419,110.1,14.8,14.2
2026caetb,5499,115,13.2,13.5
2026caetb,6418,114.2,15.1,15.6
2026caetb,6814,112,10.6,10.5
2026caetb,6918,111.3,9.2,9.4
2026caetb,6962,113.7,11.1,10
2026caetb,7245,74.4,14.4,14.9
2026caetb,8045,95.1,8.4,8.5
2026caetb,8852,110.9,11.1,11.2
2026caetb,9038,113.7,14,15.2
2026caetb,9111,77.4,9.6,9.4
2026caetb,9400,113.6,10.7,11.5
2026caetb,10221,99.4,12.3,10.9
2026caetb,10281,68.2,13.5,14.6
2026caetb,10339,110.3,10.3,10.4
2026caetb,10372,86.9,14.7,14.1
2026caetb,10500,61.5,11.2,10.6
2026caetb,10615,92.5,10.7,9.1
2026caetb,10644,68.4,13.9,13.4
2026caetb,11230,84.1,14.3,15.5
2026caetb,11274,87.6,8.3,9.1
2026cagle,4,107.8,9.4,10.5
2026cagle,22,78.2,11.6,11.2
2026cagle,597,65.8,9.2,9.2
2026cagle,696,114.6,12.5,12.1
2026cagle,702,109.5,10.6,11.5
2026cagle,1148,109.4,11.8,11.7
2026cagle,2404,98.1,10.9,10.9
2026cagle,2429,104.4,11.9,11.9
2026cagle,2659,107.4,12.6,12.6
2026cagle,3255,114.8,10.8,11.5
2026cagle,3328,96.5,10.2,10.2
2026cagle,3501,111.7,11,11.1
2026cagle,3512,106.6,12.1,11.8
2026cagle,3965,92.5,10.6,11.6
2026cagle,4964,77.5,11.3,11.3
2026cagle,5026,101.7,9.1,9.2
2026cagle,5089,89.7,11.7,11.8
2026cagle,6000,93,11.3,11.3
2026cagle,6036,112.2,17,16.8
2026cagle,6560,112.7,10.1,10.7
2026cagle,6658,102.4,10.1,10.1
2026cagle,6934,110.1,10.4,10.5
2026cagle,6995,107.9,10.1,9.9
2026cagle,7323,91.3,9.9,9.9
2026cagle,7415,110.2,10.3,10.2
2026cagle,8033,113.4,14.6,14.6
2026cagle,8060,77.7,11.4,10.2
2026cagle,8533,86.2,8.7,8.7
2026cagle,9084,114.4,11.7,11.3
2026cagle,9505,101.1,9.8,11.3
2026cagle,9520,90.1,9.1,9.1
2026cagle,9696,79.2,17.3,17.4
2026cagle,9772,65.3,8,7.9
2026cagle,10147,53.9,14,10.9
2026cagle,10166,94,11.1,11.1
2026cagle,10936,82.1,12.6,11.5
2026cagle,11024,106.5,11.3,12.5
2026cahal,604,112.5,12,13.1
2026cahal,670,111.3,16,15.8
2026cahal,852,115,10.7,10.9
2026cahal,971,114.9,12.3,12.5
2026cahal,1452,103.2,19.5,19.9
2026cahal,1458,114.5,10.5,9.5
2026cahal,1678,112,14.2,14.3
2026cahal,1857,79.8,10.5,10.9
2026cahal,2473,102.7,17.1,17.1
2026cahal,3045,114.8,11.8,11.8
2026cahal,3257,113.5,11.4,11.5
2026cahal,3598,109.5,7.8,7.7
2026cahal,4171,64,9.6,9.3
2026cahal,4990,96.2,12.1,12.2
2026cahal,5760,62.5,10.8,10.8
2026cahal,5924,105.8,10.7,10.8
2026cahal,6305,97.3,9,9
2026cahal,6981,81.9,11.5,11.5
2026cahal,7413,60.3,8.4,8.4
2026cahal,7419,110.3,13.7,14
2026cahal,7607,68.5,16.5,17.8
2026cahal,8793,114.3,12,11.9
2026cahal,9470,108.8,14.8,14.4
2026cahal,9584,114.1,13,12.3
2026cahal,10059,63.6,15.8,15.8
2026cahal,10252,101.3,13.7,14
2026calas,4,106.2,9.1,10.3
2026calas,294,114.2,13.5,13.8
2026calas,597,54.2,9.2,9.1
2026calas,687,114.8,14.5,14.1
2026calas,867,102.6,7,6.3
2026calas,980,114,11,11
2026calas,1159,92.4,9.2,9
2026calas,1197,114.5,11.3,11
2026calas,1515,112.6,8.1,8
2026calas,1661,93.7,10.3,9.7
2026calas,1759,61.2,7.3,6.7
2026calas,1836,97.3,12.9,12.9
2026calas,2584,113.7,13.3,12.7
2026calas,2710,112.2,13.2,13.8
2026calas,3408,104,9.8,9.4
2026calas,3476,110.8,13.3,13
2026calas,3759,77.9,13.5,13
2026calas,4123,109.7,11.9,10.7
2026calas,4201,114.7,17.9,18.1
2026calas,4322,111.4,13.9,13.8
2026calas,4415,115,10.4,9.9
2026calas,4470,114.1,10.7,10.5
2026calas,4501,63.7,13,13
2026calas,4964,64,11.3,11.4
2026calas,4999,113.7,11.6,11.5
2026calas,5089,91.3,11.3,11.7
2026calas,5124,89.3,11.3,12.6
2026calas,5137,106,9.6,9.6
2026calas,5669,105.9,19.5,19.4
2026calas,5835,106.1,9.7,13
2026calas,5857,108,15.3,15.3
2026calas,6000,90.9,10.8,10.8
2026calas,6072,91.4,11.5,11.6
2026calas,6220,112.5,10.8,11
2026calas,6904,97.1,15,12.4
2026calas,7042,102.2,16.2,14.8
2026calas,7230,106.7,12.9,12.9
2026calas,8898,63.1,9.1,9.4
2026calas,9408,115,14.9,15.2
2026calas,9505,100.3,9.3,9.3
2026calas,9696,85.9,17.3,17.5
2026calas,11096,60.9,12.7,13
2026cancmp,8,103.9,10.1,10.2
2026cancmp,114,112.4,11.2,11.6
2026cancmp,115,113.8,10.6,9.6
2026cancmp,192,93.3,14,14
2026cancmp,253,107.7,11.9,11.4
2026cancmp,254,114.6,15.3,16.3
2026cancmp,581,115,18.5,18.6
2026cancmp,604,114.3,17.5,18.7
2026cancmp,649,98.8,12.4,12.7
2026cancmp,670,112.5,12.8,12.8
2026cancmp,701,102.6,19.7,20.6
2026cancmp,766,107.9,11.7,11.8
2026cancmp,840,110.7,11.1,10.8
2026cancmp,841,110.1,17.3,17
2026cancmp,846,114.5,11.2,11
2026cancmp,971,110.7,11.3,10.7
2026cancmp,972,113.8,13.8,13.7
2026cancmp,1072,106,11.8,11.3
2026cancmp,1323,114.5,19.7,19.6
2026cancmp,1671,111.3,17.3,17.3
2026cancmp,1678,114.9,14.2,14.2
2026cancmp,1868,113.3,17.2,17.1
2026cancmp,1967,114.8,11.8,11.8
2026cancmp,2073,108.4,11.6,11.7
2026cancmp,2135,110.7,16.3,16.2
2026cancmp,2204,110.8,12.6,12.3
2026cancmp,2813,101.4,11.8,12.1
2026cancmp,3045,114.3,11.8,11.8
2026cancmp,3256,113.2,14.8,15.2
2026cancmp,3257,114,11,11.2
2026cancmp,3501,107.4,11.5,11.5
2026cancmp,3598,112,10.1,10.5
2026cancmp,3970,110.2,13.9,13.7
2026cancmp,4135,109.4,14.3,14.3
2026cancmp,4698,111.5,9.7,9.8
2026cancmp,4990,92.5,12,12.3
2026cancmp,5026,113.6,13,13.6
2026cancmp,5104,115,12.1,11.7
2026cancmp,5419,114.1,15,14.3
2026cancmp,5507,114.8,16,16.2
2026cancmp,5700,103,10.4,10.9
2026cancmp,5817,110.3,16.9,14.1
2026cancmp,5940,114.8,19.4,18.2
2026cancmp,6036,115,17.2,16.8
2026cancmp,6238,113.6,13.2,12.8
2026cancmp,6305,107.1,10.5,10.5
2026cancmp,6418,114.8,15.1,15.4
2026cancmp,6662,76.2,12.1,12.1
2026cancmp,6665,103,13.8,13.8
2026cancmp,6814,109.5,10.6,10.5
2026cancmp,6962,114.3,11.2,11
2026cancmp,7137,114.2,14,14.2
2026cancmp,7419,114.8,13.8,14.1
2026cancmp,7667,113.4,11.2,10.7
2026cancmp,8033,113.4,14.4,14.6
2026cancmp,8048,112,14.2,14.2
2026cancmp,8793,114.8,11.5,11.4
2026cancmp,9400,114.6,12.8,12.8
2026cancmp,9470,114.3,12.8,13
2026cancmp,10339,71.2,10.4,10.6
2026caoec,115,114.3,10.6,9.7
2026caoec,2658,113,15,14.2
2026caoec,3020,111.6,14.9,14.8
2026caoec,3295,63.8,8,7.2
2026caoec,3309,96.9,17.4,18.6
2026caoec,3408,102.9,9.6,9.1
2026caoec,3476,114.1,13.4,13.1
2026caoec,3952,112.9,11,11.2
2026caoec,4141,114.4,12.5,13.8
2026caoec,4201,109.1,23.8,24
2026caoec,4276,109.5,8.7,8.4
2026caoec,4322,110.4,14.2,13.7
2026caoec,4414,106.7,17.2,17.3
2026caoec,4619,99.6,10.6,10.4
2026caoec,4919,82.1,9.5,9.8
2026caoec,4984,108.2,14.9,14.4
2026caoec,5137,97.6,9.4,10.1
2026caoec,5199,108.9,12.5,12.5
2026caoec,5474,106.8,10.7,10.7
2026caoec,5500,80.7,9.5,8.3
2026caoec,5514,95.3,12.2,12.2
2026caoec,5805,111.6,21.1,21.2
2026caoec,5835,88.3,10,12.9
2026caoec,5857,111.5,15.1,15.1
2026caoec,6072,88.7,11.6,11.6
2026caoec,6220,113.9,10.4,10.4
2026caoec,6695,112.5,12.8,12.6
2026caoec,6885,72.5,11,11
2026caoec,7042,102.9,16.3,15.2
2026caoec,7157,114.6,15.3,16.8
2026caoec,7447,107.4,12.2,13.7
2026caoec,8521,105.5,12.6,12.7
2026caoec,8891,111,10.2,9.8
2026caoec,9271,97.7,13.4,15.5
2026caoec,9730,81.9,7.1,8.4
2026caoec,10336,76.2,10.3,9.7
2026caoec,10586,64.3,8.1,8.1
2026capin,581,114.7,18.5,18.5
2026capin,604,114.1,12,13.2
2026capin,649,98.2,12.3,12.5
2026capin,668,114.4,12.6,12.8
2026capin,1868,111.7,17.3,17.3
2026capin,2035,92.1,9.1,10.4
2026capin,2643,105.2,13.6,13.6
2026capin,2813,97.8,12.2,12.7
2026capin,2854,101.2,10.7,10.7
2026capin,3045,104.6,11.9,11.9
2026capin,4135,106.2,14.4,14.4
2026capin,4171,55.7,9.3,9.6
2026capin,4255,103.2,11.2,10.8
2026capin,5104,112.3,11.8,11.4
2026capin,5760,68.7,10.7,10.7
2026capin,6059,114.7,10.8,10.3
2026capin,6238,112.2,13.1,12.7
2026capin,6410,63.8,12,12
2026capin,6506,115,12.6,12.8
2026capin,6665,103.5,13.9,13.9
2026capin,6884,113,12.9,13.4
2026capin,7413,64.7,8,8.5
2026capin,7528,63.5,9.9,9.9
2026capin,7777,68,7.4,6.8
2026capin,10059,43,15.8,15.8
2026capin,10252,99.4,14,13.9
2026capin,10339,57.4,10.5,10.2
2026capin,11247,64.3,8.8,8.8
2026capoh,8,113.4,10.3,10.2
2026capoh,399,94,18.4,17.9
2026capoh,702,115,10.1,11.1
2026capoh,968,54.1,9.4,9.6
2026capoh,1138,93.8,15.8,16.1
2026capoh,1148,113.9,11.6,11.7
2026capoh,1159,75.4,8.9,8.7
2026capoh,1972,86,11,11
2026capoh,2429,100.6,11.8,11.8
2026capoh,2485,115,13.3,13.3
2026capoh,2584,110,13.2,12.5
2026capoh,2637,108.8,9.7,9.7
2026capoh,2710,108.6,13.1,13.6
2026capoh,2984,110.3,14.2,14.2
2026capoh,3020,108.4,15.9,15.8
2026capoh,3128,114,11.7,11.9
2026capoh,3255,113.4,10.7,11
2026capoh,3328,92.5,10,10
2026capoh,3473,108.3,8.5,9.1
2026capoh,3647,114.6,14.1,14.1
2026capoh,3759,70.7,13.3,13
2026capoh,3863,112.2,12.5,12.5
2026capoh,4019,63.9,8.4,8.5
2026capoh,4079,85.3,14.2,14.4
2026capoh,4160,115,13.1,13.1
2026capoh,4276,88.3,8.8,8.2
2026capoh,4711,96.6,16.3,16.7
2026capoh,5025,110,15.4,15.4
2026capoh,5136,114.7,8.8,8.4
2026capoh,5805,111.9,16.2,16.4
2026capoh,5817,111.2,13.8,14.1
2026capoh,6515,106.5,12.4,12.9
2026capoh,6657,112.6,11.3,11.2
2026capoh,6764,83.4,11.1,11.2
2026capoh,7157,110.9,13,13.8
2026capoh,7327,101.8,11.3,11.2
2026capoh,8060,72.8,11.5,10.2
2026capoh,9084,114.4,11.4,11.1
2026capoh,9452,115,19.1,19.1
2026capoh,9772,73.9,7.3,7.3
2026capoh,10147,52.2,13.6,10.8
2026capoh,10166,76.8,10.5,11
2026casac,199,102.9,12.3,12.3
2026casac,670,110.4,12.5,12.5
2026casac,701,106.4,20.8,20.4
2026casac,751,111.5,14.3,14.3
2026casac,846,112.8,9.9,9.4
2026casac,1072,110.3,11.8,11.3
2026casac,1138,90,15.9,16.1
2026casac,1280,109,12.2,12.2
2026casac,1678,113.8,14.2,14.2
2026casac,1857,81.2,10.8,11.2
2026casac,2073,112.2,11.6,11.8
2026casac,2135,105.3,16.3,16.2
2026casac,2141,114.8,8.9,8.9
2026casac,2204,114.3,12.2,12
2026casac,2288,92.9,7.3,7.4
2026casac,3189,104,11.3,11.7
2026casac,3257,114.3,11.4,11.4
2026casac,3482,109.7,9.4,9.2
2026casac,3598,107.5,7.9,7.6
2026casac,4135,106.9,14.4,14.4
2026casac,4698,114.2,9.5,9.5
2026casac,5274,114.2,12.2,12.1
2026casac,5430,90.4,16.6,16.1
2026casac,5458,104,12.4,12.6
2026casac,5728,64.3,8.4,8.4
2026casac,5940,106.1,11.1,11.1
2026casac,6619,113,12,11.8
2026casac,6662,75.7,12.1,12.1
2026casac,6884,113.7,12.8,13.2
2026casac,6981,73.5,15.7,15.7
2026casac,7137,112.4,15.1,15.1
2026casac,9038,114.9,14.1,15.3
2026casac,9111,75.4,8.9,8.7
2026casac,9125,109.3,9.4,9.3
2026casac,9400,109.6,10.7,11.2
2026casac,10212,47.3,16.5,16.5
2026casac,11274,84.2,8.3,9.2
2026casac,11296,61.5,8.7,8.1
2026cascmp,4,108.7,8.6,9.8
2026cascmp,294,113.6,13.5,13.6
2026cascmp,589,113.9,13.4,13.5
2026cascmp,599,112.5,12.4,12.4
2026cascmp,687,114.6,15.4,15
2026cascmp,696,114.3,11.9,11.5
2026cascmp,812,104.5,13.3,13
2026cascmp,968,112.9,10.1,9.9
2026cascmp,973,114.8,13,12.9
2026cascmp,1138,104.5,15.9,15.9
2026cascmp,1148,112.9,11.6,11.6
2026cascmp,1160,115,12.3,13.2
2026cascmp,1197,110.9,11.5,11.2
2026cascmp,1388,114.8,11.5,11.7
2026cascmp,1538,113.3,11,11
2026cascmp,2102,105.5,18.6,19.2
2026cascmp,2404,107.6,13.6,13.7
2026cascmp,2429,105.2,12,12
2026cascmp,2485,114.2,13.3,12.4
2026cascmp,2584,109.7,13.2,12.6
2026cascmp,2637,112,9.8,9.4
2026cascmp,2658,101,15.1,14.3
2026cascmp,2659,112.5,12.5,12.5
2026cascmp,2710,113.6,13.2,13.7
2026cascmp,2984,114.2,18.8,18.8
2026cascmp,3128,109.9,11.8,12
2026cascmp,3255,114.2,10.3,10.7
2026cascmp,3309,97.9,18.7,18.8
2026cascmp,3408,105,9.9,9.5
2026cascmp,3476,114.6,13.5,13.2
2026cascmp,3512,107.1,12.3,11.8
2026cascmp,3647,111.5,14.3,14.2
2026cascmp,3749,93.3,11.3,11.8
2026cascmp,3925,90.5,12.2,12.1
2026cascmp,4079,87.4,14.2,14.5
2026cascmp,4123,111,10.7,12
2026cascmp,4201,112.4,21.4,21.7
2026cascmp,4322,110.5,14.2,13.9
2026cascmp,4414,108.3,19.3,19.2
2026cascmp,4415,109.1,10.5,10.2
2026cascmp,4419,114.2,12.5,12.5
2026cascmp,4738,105.6,13.9,14.2
2026cascmp,4999,114.2,12.5,12.3
2026cascmp,5136,107,10,9.6
2026cascmp,5137,95.3,10.2,10.2
2026cascmp,5199,110,12.7,12.8
2026cascmp,5474,106.7,10.8,10.8
2026cascmp,5805,109.6,21.5,21.7
2026cascmp,6220,114.6,10.5,10.5
2026cascmp,6695,114.1,12.9,11.6
2026cascmp,6995,112.8,10.1,9.8
2026cascmp,7042,106.4,16,14.9
2026cascmp,7157,68.3,15.2,15.2
2026cascmp,7415,109.2,9.9,10.2
2026cascmp,8119,112.5,14.3,13.9
2026cascmp,9084,108.7,11.5,11.4
2026cascmp,9408,114.3,15,15.1
2026cascmp,9452,114.7,19.2,19.3
2026cascmp,10586,70.5,8.6,8.2
2026cascmp,11024,103.1,11.3,12.5
2026casgv,599,112.1,12.1,12.3
2026casgv,812,96.3,13.4,13.1
2026casgv,867,104.5,6.3,7.3
2026casgv,968,106.8,9.8,9.7
2026casgv,1160,111,12.4,12.9
2026casgv,1197,113.1,11.2,10.9
2026casgv,1538,105.6,11,11
2026casgv,1836,99.3,12.7,12.7
2026casgv,2102,108.4,18.6,19.2
2026casgv,3473,113.3,8.7,9.2
2026casgv,3952,111.9,11.1,11.1
2026casgv,4079,87,14.2,14.3
2026casgv,4123,110.3,12,10.7
2026casgv,4141,112.8,12.4,13.7
2026casgv,4415,108.3,10.5,10.1
2026casgv,4470,114.2,10.7,10.6
2026casgv,4501,77.1,12.8,12.8
2026casgv,4999,113.3,12,11.7
2026casgv,5124,86.9,11.2,13
2026casgv,5285,113.9,6.2,6.2
2026casgv,5669,110.4,19.3,19.4
2026casgv,5851,95.4,12.1,12.1
2026casgv,6904,88.8,14.9,12.9
2026casgv,7230,108.3,13,13
2026casgv,7447,103.7,11.9,13.4
2026casgv,8006,109.7,9.1,9.1
2026casgv,8898,63,9.1,9.4
2026casgv,9408,114.4,14.9,15.1
2026casgv,9573,71.5,15.4,15.4
2026casnd,812,103.8,13.1,12.8
2026casnd,1622,88.6,13.8,14.1
2026casnd,1972,80.5,10.3,10.3
2026casnd,2102,108,19.4,18.9
2026casnd,2485,112.1,13.3,12.8
2026casnd,2543,114.5,11.5,10.9
2026casnd,2658,115,12,12.3
2026casnd,2827,88,15.7,15.6
2026casnd,2839,110.9,10.3,10.3
2026casnd,2984,114.2,15.3,15.3
2026casnd,3128,112.2,11.8,11.9
2026casnd,3341,106.6,11.8,11.9
2026casnd,3647,108.3,14.4,14.3
2026casnd,3704,92.7,7.6,7.7
2026casnd,3749,98.9,11.2,11.8
2026casnd,3965,98.7,10.3,11.5
2026casnd,4160,114.4,13,13
2026casnd,4419,106.3,10,10.1
2026casnd,4738,100.7,12.2,13
2026casnd,4919,81.8,9.6,9.6
2026casnd,4984,108.6,15.1,14.6
2026casnd,5025,113,15.5,15.7
2026casnd,5474,105.3,10.7,10.7
2026casnd,5514,92,12.3,12.3
2026casnd,6515,94,11.9,12.1
2026casnd,6695,108.3,13.2,13.5
2026casnd,6885,70,11,11
2026casnd,6995,107.8,9.7,9.6
2026casnd,8006,107.6,9.1,9.1
2026casnd,8119,113.3,14.1,13.9
2026casnd,8870,72.7,9.8,9.8
2026casnd,8891,114.3,9.8,9.5
2026casnd,9452,111.3,19.1,19
2026casnd,9573,78.5,15.4,15.4
2026casnd,9615,65.9,17.2,17.2
2026casnd,9730,80.7,9.1,8.3
2026casnd,10392,61.3,4.9,4.6
2026casnd,10586,74.2,8,8
2026casnd,10625,64.3,10.6,10.6
2026casnd,11459,60,9.5,9.5
2026casnf,114,113.3,11.2,11.6
2026casnf,253,101.7,11.7,11.7
2026casnf,649,92.9,11.8,11.7
2026casnf,840,107.3,11.8,10.5
2026casnf,841,104.2,13.9,14
2026casnf,1280,109.8,12.5,12.5
2026casnf,1323,113.7,18.8,18.7
2026casnf,2035,86.3,9,10.3
2026casnf,2551,114.2,9.9,10
2026casnf,3970,111,14,13.8
2026casnf,4159,110.6,10.8,10.8
2026casnf,4186,85.3,15.4,15.4
2026casnf,4669,94.3,10.5,10
2026casnf,4904,86.9,10.3,10.7
2026casnf,4973,92.6,16.2,16.2
2026casnf,5104,114.8,11.5,11.8
2026casnf,5171,97.2,11.8,12.3
2026casnf,5507,115,16,16
2026casnf,5700,95.9,10.4,11
2026casnf,5940,107.9,11.1,11
2026casnf,6506,59.5,10.6,10.4
2026casnf,6918,55.4,9.3,9.6
2026casnf,7245,77.5,14.7,14.8
2026casnf,7667,113.4,11,10.5
2026casnf,8016,114.6,12.4,12.4
2026casnf,8033,114.9,14.3,14.5
2026casnf,8045,97.7,8.5,8.5
2026casnf,8751,80.1,12.5,10.2
2026casnf,8840,98.6,12.7,13.3
2026casnf,8852,114.1,11,11.2
2026casnf,9114,70.3,9.1,8.8
2026casnf,10221,102.4,12.6,10.8
2026casnf,10281,61.4,13.5,14.4
2026casnf,10615,76.8,10.2,8.7
2026casnf,11230,83.2,14.3,15.5
2026casnf,11463,75.2,11.3,11.3
2026casnv,100,109.2,9.7,10.1
2026casnv,115,114.5,9.8,9.8
2026casnv,254,113.9,10,10
2026casnv,581,109.6,11.3,11.2
2026casnv,668,114.1,12.6,12.8
2026casnv,766,106.5,10.5,10.4
2026casnv,972,114.2,13.9,13.9
2026casnv,1351,99.9,9.5,9.9
2026casnv,1671,107.5,21.8,21.8
2026casnv,1700,114.8,9.9,9.5
2026casnv,1854,81.2,12.3,11.9
2026casnv,1868,109.5,17.1,17.1
2026casnv,1967,115,11.8,11.8
2026casnv,2367,112.8,11.9,11.3
2026casnv,2643,100.4,13.4,13.4
2026casnv,2813,112.8,12.2,12.6
2026casnv,2854,102.5,10.6,10.7
2026casnv,3256,115,14.7,15.2
2026casnv,4990,110.5,12.1,12.3
2026casnv,5026,104.3,9.2,9.2
2026casnv,5419,109.1,4.7,4.6
2026casnv,5499,113.8,13.3,13.6
2026casnv,6059,109.3,10.4,9.6
2026casnv,6238,106.5,13.2,12.9
2026casnv,6418,114.2,12.4,13.5
2026casnv,6665,109.8,10.6,10.6
2026casnv,6814,113.8,10.1,10.2
2026casnv,6822,88.2,11.1,11.2
2026casnv,6962,111.8,11.1,10.9
2026casnv,7528,67.5,9.8,9.8
2026casnv,7607,35.6,15.4,19.5
2026casnv,8048,90.4,13.3,13.5
2026casnv,8404,103.8,11.6,11.1
2026casnv,9470,111.4,14.7,14.4
2026casnv,10372,75.3,12.5,13.9
2026casnv,10644,53.1,13.9,13.4
2026casnv,11247,64.3,8.8,8.8
2026caven,22,70.1,11.3,10.7
2026caven,192,97.7,13.3,13.3
2026caven,589,115,10.8,11
2026caven,599,114.8,12.1,12.2
2026caven,691,109.9,12.4,13.4
2026caven,973,107.6,12.7,12.5
2026caven,1160,110.9,12.6,13.2
2026caven,1388,114.2,11.6,11.5
2026caven,1538,102,10.8,10.8
2026caven,1661,92.7,10.1,9.5
2026caven,3309,87.8,18.8,18.8
2026caven,3501,109.1,11.1,11
2026caven,3512,114.6,12.2,12.2
2026caven,3925,82.4,9.6,10.4
2026caven,4414,114.6,17.8,17.6
2026caven,4711,90.2,16.6,17.2
2026caven,5012,105.7,13.4,13.1
2026caven,5136,111.7,8.6,8.6
2026caven,5199,113.9,9.1,9.2
2026caven,5285,115,6.8,6.8
2026caven,5500,82.4,12.9,12.9
2026caven,5869,87.7,11,10.5
2026caven,6036,110,13.9,13.6
2026caven,6060,78.5,10.6,11.2
2026caven,6560,114,9.5,10.1
2026caven,6764,81.1,11.2,11.5
2026caven,6934,114.4,10.4,10.4
2026caven,7323,86.4,9.7,9.7
2026caven,7327,90.6,11.5,10.7
2026caven,7415,114.9,12.1,12.1
2026caven,8521,98.4,12.4,12.6
2026caven,8533,84.7,9.1,8.9
2026caven,9271,110.8,11.6,11.6
2026caven,9520,96,9.3,9.3
2026caven,10936,73.3,12.3,11.1
2026caven,11024,102.9,8.4,8.4
2026chcmp,122,114.9,14,14
2026chcmp,339,101.8,9.5,9.9
2026chcmp,346,114.4,14,13.7
2026chcmp,401,101.6,13.9,13.4
2026chcmp,422,109.7,10.2,10.2
2026chcmp,449,110.6,11.6,11.9
2026chcmp,540,104.1,18.3,18.3
2026chcmp,614,114.7,14,14.6
2026chcmp,619,115,11.2,11.3
2026chcmp,620,114.3,18.5,19
2026chcmp,686,104.9,18.8,18.4
2026chcmp,836,106,12.9,12.6
2026chcmp,888,97.8,13.2,13.2
2026chcmp,1086,112.2,13.7,15
2026chcmp,1111,93.3,11.4,11.4
2026chcmp,1262,92.2,11.7,11.4
2026chcmp,1389,114,15.2,14.4
2026chcmp,1629,103,15.1,14.8
2026chcmp,1719,86.9,13.3,13.4
2026chcmp,1727,112.1,11.5,12
2026chcmp,1731,114.1,12,11.9
2026chcmp,1895,94.1,11.1,10.1
2026chcmp,1908,112.5,14.4,14.2
2026chcmp,2068,80.9,11,11
2026chcmp,2106,114.5,17,17
2026chcmp,2199,105.8,10,10.9
2026chcmp,2377,113.9,16.9,17.1
2026chcmp,2421,95.5,12.3,12.3
2026chcmp,2537,93.3,15.5,14.9
2026chcmp,2890,112.8,9.6,9.6
2026chcmp,3136,103.5,12.1,12.2
2026chcmp,3258,87.4,9.7,9.7
2026chcmp,3361,69,10.5,10.4
2026chcmp,3748,111.3,13.7,13
2026chcmp,3939,108.6,15.8,15.9
2026chcmp,4099,112.7,13.4,13.7
2026chcmp,4472,114.9,12.3,12
2026chcmp,4541,106.1,11.9,11.9
2026chcmp,5243,114.5,10.5,10.3
2026chcmp,5338,114.3,15.3,15.7
2026chcmp,5549,111,10.6,10.5
2026chcmp,5587,85.8,10.6,10.9
2026chcmp,5724,106.1,11.1,11.6
2026chcmp,5804,109.4,13.8,13.6
2026chcmp,8590,86.7,15.4,15.4
2026chcmp,8592,114,17.8,17.8
2026chcmp,9033,104.5,15,14.5
2026chcmp,9072,113.6,18,18.2
2026chcmp,10004,107,11.7,11.7
2026chcmp,10224,112.8,10.6,10.4
2026chcmp,10679,60,12.5,12.5
2026chcmp,11318,75.6,12.9,12.9
2026chcmp,11415,104.5,15.1,15.1
2026chcmp,11425,63.1,9.8,9.8
2026code,118,113.6,10.4,10
2026code,159,114.4,8.5,8.3
2026code,662,94.4,10.7,11
2026code,1303,88.9,15.3,15.5
2026code,1339,115,14.8,14.5
2026code,1410,93.5,9.7,9.7
2026code,1619,106,11.8,11.8
2026code,1799,94,12.9,12.9
2026code,1822,85.5,11.5,11.7
2026code,1977,102.3,11.9,11.9
2026code,2036,114.7,14.8,14
2026code,2083,114,11.6,11.8
2026code,2240,104.8,10.5,10.8
2026code,2259,62.3,6.7,6.7
2026code,2261,76,9,8.7
2026code,2443,111.7,12.8,11.8
2026code,2465,115,14.5,14.5
2026code,2486,96.1,10.1,10.7
2026code,2945,76.7,11.5,11.7
2026code,2972,114.8,10.5,10.8
2026code,2996,114.3,11.2,11.7
2026code,3200,114.9,11,11
2026code,3354,107.3,12.1,12
2026code,3648,113.8,15.9,15.9
2026code,3729,113.2,14.5,14.6
2026code,3807,114.3,12.6,12.1
2026code,4068,115,14.3,14.6
2026code,4293,112.8,14,13.8
2026code,4388,107,14.3,13.9
2026code,4418,105.3,12.1,12.1
2026code,4499,114.4,15.7,16.1
2026code,4593,113.3,12.1,12.1
2026code,4944,114.7,9.7,9.2
2026code,5493,107.5,11.5,11.8
2026code,5526,114.9,16.8,17.3
2026code,6652,114.1,12,12.2
2026code,6702,103,13.7,14.2
2026code,6704,107.5,11,11
2026code,7421,115,14.7,14.9
2026code,7479,64.5,11.4,11.8
2026code,7485,86.5,13.5,13.6
2026code,7546,95,12.6,10.4
2026code,7725,111.3,13,13.6
2026code,7737,59.9,11.2,11.2
2026code,8334,80.5,9.2,9.4
2026code,9068,96.6,26.4,26.4
2026code,9301,114.8,12.7,12.8
2026code,9552,74.6,17.7,16.5
2026code,9585,75,8.9,9
2026code,9586,114.7,8.6,8.5
2026code,10333,96,10,10
2026code,10682,67,11.5,11.4
2026code,10686,105.7,17.7,17.4
2026code,11025,88.7,9.9,9.9
2026code,11220,78.5,10.8,11.3
2026cosp,159,114.8,8.5,8.5
2026cosp,498,107.1,17.4,17.4
2026cosp,662,89.3,10.5,10.5
2026cosp,1339,113.6,14.7,14.7
2026cosp,1619,114.8,11.8,11.8
2026cosp,1977,89.7,11.6,11.4
2026cosp,2083,96.5,11,11.3
2026cosp,2240,98,10.5,10.7
2026cosp,2945,109.2,10.6,11.4
2026cosp,2996,113.6,11.1,11.6
2026cosp,3288,84.8,16.5,16.3
2026cosp,3648,102.1,15.5,15.5
2026cosp,3807,97.6,10.8,11
2026cosp,4068,114.8,14.4,14.6
2026cosp,4183,111.5,11.6,11.3
2026cosp,4293,115,13.8,13.9
2026cosp,4388,112.2,15.3,15.4
2026cosp,4418,106.3,10.2,10.2
2026cosp,4499,112.9,11.7,13
2026cosp,4550,114.4,14.9,14.4
2026cosp,4944,111,9.1,9.1
2026cosp,5493,111.2,12,11.8
2026cosp,6358,98.5,10.9,10.8
2026cosp,7485,82.3,13.2,13.1
2026cosp,8044,112.5,9.3,9.3
2026cosp,8334,82.8,9.1,9.2
2026cosp,9068,91.6,26.8,26.8
2026cosp,9134,111.3,12.9,13.9
2026cosp,9501,102.3,11,10.8
2026cosp,9586,113.4,9.5,9.3
2026cosp,10114,112.1,12.4,12.3
2026cosp,10333,108.7,10.2,9.3
2026cosp,11220,67.5,11.2,11.6
2026cthar,175,114.9,16.2,16.2
2026flor,21,104.4,15.1,15.2
2026flor,79,92.8,8.8,8.5
2026flor,86,108.7,8.7,8.8
2026flor,179,114.5,14.5,14.8
2026flor,180,108.1,19.9,19.9
2026flor,233,115,8.1,8.1
2026flor,386,113.5,15.4,15.4
2026flor,431,86.5,7.5,7.5
2026flor,744,111.9,12.6,11.9
2026flor,801,101.8,11.4,11.4
2026flor,1523,109.9,12.9,12.9
2026flor,1557,85.4,9.7,9.7
2026flor,1592,114.5,15.4,15.4
2026flor,1744,64.4,9.7,9.7
2026flor,1902,112.3,17,16.3
2026flor,2152,94.2,12.5,12.5
2026flor,2797,103.8,11.2,11.2
2026flor,3164,109.8,12.2,12.1
2026flor,3627,94.5,14.3,14.3
2026flor,3932,107.6,16.4,13.2
2026flor,4024,56.7,11.9,12.6
2026flor,4622,77.2,12.3,12.2
2026flor,5145,68,15.1,14.1
2026flor,5410,107.1,11.8,12.7
2026flor,5816,113.5,11,11.3
2026flor,5842,110.2,14.7,14.7
2026flor,5993,114.8,6.5,6.7
2026flor,6322,81.5,10.3,9.8
2026flor,6473,79.4,10.2,9.4
2026flor,6527,92,9.7,9.4
2026flor,6722,102.2,11.6,11.6
2026flor,7072,95.4,13.6,13.2
2026flor,7431,99.8,12.7,12.7
2026flor,7500,115,13.9,13.9
2026flor,7717,90.2,9.7,9.4
2026flor,8057,93,11.9,11.9
2026flor,8159,112.5,12.4,12.5
2026flor,8324,112.7,11.2,11.2
2026flor,8817,111.5,11.1,11.5
2026flor,8841,100.3,11.8,11.8
2026flor,9160,96.2,12.9,12.9
2026flor,9300,101.1,12.3,12.3
2026flor,9404,97.6,11.1,11.7
2026flor,9670,90,10.6,10.6
2026flor,9728,60.2,9.9,9.9
2026flor,9750,63.3,9.5,9.6
2026flor,10017,106.7,16,16
2026flor,10211,114.7,10.8,10.8
2026flor,10219,89.2,13.6,13.7
2026flor,10228,76,11,11
2026flor,10323,80.5,12.4,12.4
2026flor,10650,63.7,10,10
2026flor,10981,81.3,12.4,12.4
2026flor,11097,104.5,12.2,12.2
2026flor,11103,68,10.4,11.1
2026flor,11222,62.8,9.1,9.7
2026flor,11282,67.2,9.4,9.4
2026flor,11363,60.7,11.9,11.9
2026flta,21,103.4,15,15.1
2026flta,86,111.2,8.8,8.9
2026flta,108,114.2,12.2,12
2026flta,233,113.9,8.5,8.5
2026flta,364,112.8,14.7,11.4
2026flta,386,114.8,15.1,15.1
2026flta,744,113.3,12.2,11.9
2026flta,801,114.2,10.6,10.6
2026flta,2797,110.9,11.3,11.3
2026flta,2992,114.3,11.7,12
2026flta,3164,63,12.2,12.2
2026flta,3242,78.9,8.3,8.3
2026flta,3502,73.5,11,10.9
2026flta,4013,110,13.4,12.8
2026flta,4065,111.4,9.2,9.5
2026flta,4118,112.8,14,13
2026flta,4179,71.5,13.2,13.2
2026flta,4576,95,16.2,16.4
2026flta,4622,63.2,11.2,11.4
2026flta,5276,108,16.2,17.2
2026flta,5410,108.4,12.1,13
2026flta,5472,110,10.6,10.6
2026flta,5816,110.8,11.8,11.9
2026flta,6145,63.2,8.5,8.5
2026flta,6184,91.3,12.7,12.5
2026flta,6473,84,10,9.6
2026flta,6647,114.9,14.5,14.5
2026flta,6722,108.8,12.4,12.4
2026flta,7130,113.6,14,13.7
2026flta,7431,107.9,12.8,12.8
2026flta,8324,113.3,12,12
2026flta,8753,93.4,14,14.5
2026flta,8841,98.7,12.3,12.3
2026flta,9313,77.3,8.7,8.7
2026flta,9493,57.7,11,11.4
2026flta,9627,84.2,12.5,12.5
2026flta,9698,55.7,11.8,11.7
2026flta,9720,72.6,13.2,13.2
2026flta,10159,62.3,8,7.5
2026flta,10162,114.3,17.8,17.5
2026flta,10219,106.7,13.3,13.6
2026flta,10228,63.6,10.8,10.8
2026flta,10471,112.6,8.9,8.9
2026flta,10981,84,12.6,12.6
2026flta,10996,59.9,6.9,6.9
2026flwp,48,114.9,11,10.3
2026flwp,59,113.8,13.3,14.1
2026flwp,79,91.1,8.8,8.3
2026flwp,108,113.8,12.2,12.2
2026flwp,179,114.3,14.4,14.7
2026flwp,180,107.4,19.7,19.7
2026flwp,1369,112.7,18.5,18.5
2026flwp,1523,101.8,13.4,12.3
2026flwp,1592,102.3,15.5,15.5
2026flwp,1744,65.6,9.6,9.6
2026flwp,2152,100.2,12.4,12.4
2026flwp,2383,97.5,13.6,13.6
2026flwp,2641,106.3,11.6,12.2
2026flwp,3627,101,13.8,13.8
2026flwp,3932,108.8,16.7,15.5
2026flwp,3954,80.6,9.7,9.7
2026flwp,4010,104.9,15.2,16
2026flwp,4707,107,11,9.8
2026flwp,5410,108.4,12.2,13.2
2026flwp,5472,109.4,15.3,15
2026flwp,5557,106.1,14.7,14.7
2026flwp,5872,62.8,16.4,16.4
2026flwp,6404,115,15.7,15.7
2026flwp,6686,98.8,8.2,8.8
2026flwp,6743,106.9,10.8,10
2026flwp,7403,84.7,11.3,11.3
2026flwp,7570,89.4,11.3,11.1
2026flwp,7652,95.9,13.3,13.5
2026flwp,7833,73.1,15.7,14.7
2026flwp,8581,96.4,15.1,15.1
2026flwp,8791,58.1,8.6,9.9
2026flwp,8817,114.6,11.1,11.3
2026flwp,8859,111.5,13.1,13.4
2026flwp,9040,63,9.3,9.3
2026flwp,9155,91.1,12.8,12.8
2026flwp,9201,114.7,13,13
2026flwp,9404,99.5,11,11.6
2026flwp,9494,104.6,6.3,6.3
2026flwp,9779,41.5,9.5,9.4
2026flwp,10323,84.5,12.3,12.3
2026flwp,10424,78.7,6.8,6
2026flwp,10616,66.2,10,10.2
2026flwp,10635,90.3,12.7,12.7
2026flwp,11138,102.2,10.6,10.6
2026flwp,11267,62.1,12.3,13.2
2026flwp,11436,68,9.2,9
2026flwp,11474,36.7,16.1,16.1
2026gaalb,1002,111,14,15
2026gaalb,1261,109,12,12
2026gaalb,1648,113,14.5,14.5
2026gaalb,1771,114,18.5,18.5
2026gaalb,3091,94.5,10,10.5
2026gaalb,3635,94.5,16,15
2026gaalb,4188,112,18.5,18.5
2026gaalb,4240,64,9,8.5
2026gaalb,4701,57,13.5,14
2026gaalb,4730,60,11,11.5
2026gaalb,5074,81,17,17
2026gaalb,5109,114.5,12.5,13
2026gaalb,5828,66.5,10,10.5
2026gaalb,6023,106,12.5,12
2026gaalb,6905,102,15,14
2026gaalb,6910,60.5,12,12
2026gaalb,6919,114.5,11,10
2026gaalb,6925,114,11,11
2026gaalb,7104,71,15,15
2026gaalb,7514,81.5,8.5,8.5
2026gaalb,7538,97.5,14,14.5
2026gaalb,8080,106,11,10.5
2026gaalb,8100,105.5,11,10.5
2026gaalb,8736,112.5,7,7
2026gaalb,8866,111.5,20.6,20
2026gaalb,9477,113,12,15
2026gaalb,10338,61.5,16.5,17.5
2026gaalb,11214,64,15.5,15
2026gacmp,832,107.5,12,12.5
2026gacmp,1002,114.5,15,15
2026gacmp,1261,114.5,12,12
2026gacmp,1414,113.5,12,12
2026gacmp,1648,113,14.5,14.5
2026gacmp,1683,110.5,12.5,13
2026gacmp,1746,109.5,9.5,9.5
2026gacmp,1771,114,18.5,18.5
2026gacmp,1833,115,16.5,16.5
2026gacmp,2974,113.5,11,10.5
2026gacmp,3091,99,10.5,11
2026gacmp,3329,110.5,16.5,16.5
2026gacmp,3344,97,11,12.5
2026gacmp,3635,90.5,16.5,15
2026gacmp,3815,74,13,13.5
2026gacmp,4026,114,11.5,11.5
2026gacmp,4112,100,10.5,10.5
2026gacmp,4188,114,19,18
2026gacmp,4189,114.5,16.5,16.5
2026gacmp,4509,92.5,15.5,15.5
2026gacmp,5109,111.5,12.5,13
2026gacmp,5219,87,11,11
2026gacmp,5608,92.5,11,11
2026gacmp,5900,90.5,9.5,9.5
2026gacmp,6023,110,13,12.5
2026gacmp,6340,109.5,10.5,10
2026gacmp,6705,106.5,14.5,14
2026gacmp,6772,87.5,9.5,9.5
2026gacmp,6829,102.5,13.5,13.5
2026gacmp,6887,75,9.5,10
2026gacmp,6905,99,15.5,14
2026gacmp,6910,68.5,12,12
2026gacmp,6919,112,11,10
2026gacmp,6925,108.5,11,11
2026gacmp,7451,113.5,13.5,14
2026gacmp,8080,111.5,11,11
2026gacmp,8577,88.5,12.5,12
2026gacmp,8736,113.5,10,10
2026gacmp,8866,112.5,20,20.5
2026gacmp,9477,113,12,15
2026gacmp,9480,112,10.5,12.5
2026gacmp,9522,89,14.5,14.5
2026gacmp,10482,87.5,11.5,11.5
2026gacmp,11174,96,11,13
2026gacmp,11214,65,15.5,15
2026gacol,832,104.5,10.5,11.5
2026gacol,1414,114.5,12,12
2026gacol,2974,114.5,10.5,10.5
2026gacol,3329,110,16.5,17
2026gacol,3344,112,9.5,9.5
2026gacol,3635,88.5,16,15
2026gacol,3815,87,13.5,13.5
2026gacol,4026,109,11.5,11.5
2026gacol,4112,96,10.5,10.5
2026gacol,4188,112,18.5,18.5
2026gacol,4240,62,8.5,8
2026gacol,4459,59.5,11.5,11.5
2026gacol,4468,94,14,14
2026gacol,5608,103,11,11
2026gacol,5828,79,10,9.5
2026gacol,5900,85.5,9.5,9.5
2026gacol,6772,81,9.5,10
2026gacol,6829,109.5,13.5,13.5
2026gacol,6887,67,10,10
2026gacol,6925,113.5,11,10.5
2026gacol,7104,69,15,15
2026gacol,7451,113.5,13.5,14
2026gacol,7676,73.5,11,11.5
2026gacol,9057,61,11,11
2026gacol,9086,79.5,9,9.5
2026gacol,9480,95.5,12.5,12
2026gacol,9582,60.5,7.5,7.5
2026gacol,9770,54,10.5,10.5
2026gacol,10376,58.5,10.5,10.5
2026gadal,832,102.3,11.1,11.9
2026gadal,1002,113.5,14.9,14.9
2026gadal,1746,68.4,11.6,11.1
2026gadal,2974,112.5,10.9,10.5
2026gadal,3329,109,16.9,16.7
2026gadal,4026,111.3,11.4,11.4
2026gadal,4112,97,10.3,10.4
2026gadal,4730,60.3,10.3,10.8
2026gadal,5219,78.3,11.6,11.6
2026gadal,5608,101.1,11,11.2
2026gadal,5900,75.8,10.1,9.8
2026gadal,6023,115,11.3,10.5
2026gadal,6712,75.1,10.6,10.5
2026gadal,6772,80.6,9.6,9.7
2026gadal,6829,103.9,13.5,13.4
2026gadal,6887,77.3,10.1,8.7
2026gadal,6905,78.3,14.9,14.9
2026gadal,6919,107,11,11
2026gadal,7451,111.7,13.7,13.9
2026gadal,7514,77.3,10.6,10.3
2026gadal,7676,70.7,12.5,12.8
2026gadal,8736,111.4,6.9,6.9
2026gadal,8761,51.4,8.9,8.9
2026gadal,8849,45.8,15.4,15.7
2026gadal,8866,112.5,20.4,20.5
2026gadal,9477,110.2,11.9,15.3
2026gadal,9480,88.1,12.2,12
2026gadal,9770,54.3,10.4,10.6
2026gadal,10338,61.4,17,16.9
2026gadal,10376,61.9,10.4,10.4
2026gadal,11214,62,15.8,14.7
2026gagai,1414,111,12,12
2026gagai,1683,107.5,12.5,13
2026gagai,1746,100,9.5,9.5
2026gagai,1795,36.5,11.5,11.5
2026gagai,1833,114.5,16.5,16.5
2026gagai,2415,113,8.5,10
2026gagai,3318,93,13.5,14.5
2026gagai,3344,93.5,11,12
2026gagai,3815,75,13.5,14
2026gagai,4189,114,16.5,16.5
2026gagai,4459,60,15.6,16.5
2026gagai,4509,96.5,15.5,15.5
2026gagai,5219,78.5,11.5,11.5
2026gagai,5293,113,19.5,21.5
2026gagai,5651,113,12,13.5
2026gagai,6340,109.5,10.5,10
2026gagai,6705,106.5,14.5,14
2026gagai,6712,75,10.5,10
2026gagai,8080,109,11,11
2026gagai,8577,85,12.5,12.5
2026gagai,8761,54,9,9
2026gagai,8815,52,10,10.5
2026gagai,8849,94,16,16
2026gagai,8865,95.5,15.5,15
2026gagai,9086,82.5,9,9.5
2026gagai,9522,92.5,14.5,14.5
2026gagai,9561,115,10.5,10.5
2026gagai,9582,61,15,15
2026gagai,10482,88.5,11.5,11.5
2026gagai,11174,91.5,11.5,13.5
2026gagwi,1261,108.1,11.9,12
2026gagwi,1648,110.9,14.9,14.5
2026gagwi,1683,99.1,13.7,13.7
2026gagwi,1771,115,18.5,18.5
2026gagwi,1795,38.9,12.5,12.5
2026gagwi,1833,113.6,16.5,16.7
2026gagwi,2415,95,10.2,10
2026gagwi,3091,81.9,10.5,11.2
2026gagwi,3318,88,13.9,14.4
2026gagwi,4189,113.4,13.9,13.9
2026gagwi,4468,89.2,14.2,14.2
2026gagwi,4509,108,15.5,15.5
2026gagwi,4701,60.8,14,13.9
2026gagwi,5074,72.3,17.2,15.3
2026gagwi,5109,105.8,12.6,12.6
2026gagwi,5293,91.1,19.9,17
2026gagwi,5651,64.7,13,13.6
2026gagwi,6340,108,10.6,10.3
2026gagwi,6705,103.8,14.4,14
2026gagwi,6910,63.2,12,12.2
2026gagwi,7538,114,13,13
2026gagwi,8100,98.7,10.2,10.1
2026gagwi,8577,63.9,12.8,12.8
2026gagwi,8815,54.7,10,10.4
2026gagwi,8865,107.1,15,15
2026gagwi,9057,60.4,10.8,10.9
2026gagwi,9522,99.6,13,13
2026gagwi,9561,112.9,10.5,10.6
2026gagwi,10482,82.8,11.3,11.7
2026gagwi,11174,95.1,12.2,13.8
2026hiho,359,114.9,12.3,12.4
2026hiho,2090,91.6,12.7,12.4
2026hiho,2348,88.6,9.7,9.9
2026hiho,2438,114.5,9.4,9.2
2026hiho,2441,87.3,8.9,8.9
2026hiho,2443,98.9,12.7,11.7
2026hiho,2445,115,8.9,8.6
2026hiho,2465,114.2,14.5,14.5
2026hiho,2477,87,10.2,10.2
2026hiho,2853,110.7,13.3,13.3
2026hiho,2896,89,15,13.9
2026hiho,3008,90.8,10.8,11.8
2026hiho,3721,96.8,12.5,11.9
2026hiho,3880,110.6,9.9,10.5
2026hiho,3881,92.5,12.1,12.1
2026hiho,3882,97.9,11.2,11.2
2026hiho,4270,112.9,17,17
2026hiho,6191,106.3,10.8,10.8
2026hiho,6497,114.2,12.1,12.3
2026hiho,6704,106.3,9.4,9.4
2026hiho,7724,51.5,8,8.1
2026hiho,8005,112.1,10,10
2026hiho,8569,94.9,11.1,10.8
2026hiho,8585,82.5,9.6,9.6
2026hiho,8871,112.4,11.8,11.9
2026hiho,9012,112.4,12.2,12.2
2026hiho,9019,65.8,8,8.5
2026hiho,9715,99.9,13.7,12.3
2026hiho,11019,115,14.6,14.9
2026hiho,11177,85.5,10,9.9
2026hiho,11229,62.6,10,10
2026iacf,59,115,13.3,14.1
2026iacf,167,114.1,16,15.8
2026iacf,525,111.3,11.3,10.6
2026iacf,648,108.9,13.8,13.8
2026iacf,967,112.6,10.6,9.3
2026iacf,1108,101.9,13.9,14.2
2026iacf,1997,113.4,10.7,11.1
2026iacf,2227,111,11.1,11.2
2026iacf,2654,109.1,11.4,11.5
2026iacf,2847,113,9.8,9.8
2026iacf,3055,109,14.4,14.4
2026iacf,3267,113.5,13.3,13.3
2026iacf,3298,93.2,12.9,12.9
2026iacf,3723,74.5,9.8,9.6
2026iacf,3928,109.4,9.9,9.7
2026iacf,4260,64.6,8.8,9.1
2026iacf,4646,108.7,18.8,18.8
2026iacf,4728,114.7,13.3,13.4
2026iacf,5041,114.9,12.2,12.1
2026iacf,5141,104.6,9.4,9.4
2026iacf,5275,70.7,11.3,11.3
2026iacf,5442,114.6,14,15
2026iacf,5557,110.7,14.6,14.6
2026iacf,5576,96.1,12.5,12.5
2026iacf,5809,115,14.5,14.3
2026iacf,5837,100,13.9,13.7
2026iacf,5914,100.3,13.6,11.2
2026iacf,5935,85.5,9.4,9.8
2026iacf,6147,110.4,14.1,12.9
2026iacf,6419,100.3,14.3,14.5
2026iacf,6420,114.6,13.7,13.7
2026iacf,6455,109.2,14.1,13.5
2026iacf,6805,105.5,16.7,16.7
2026iacf,7038,70.4,10.9,10.9
2026iacf,7257,114.8,9.1,9.1
2026iacf,7531,114.3,10,9.8
2026iacf,7848,113,13.4,13.1
2026iacf,8737,64.2,14.5,14.5
2026iacf,8766,59.8,10.8,10.8
2026iacf,8770,92.8,10.6,10.4
2026iacf,8821,77.6,12.4,12.4
2026iacf,8822,78.1,10.4,10.9
2026iacf,9061,85.7,14.9,14.9
2026iacf,9092,86.3,7.9,7.8
2026iacf,9543,60.4,13.1,13.1
2026iacf,9570,82.6,9.7,9.8
2026iacf,9579,79.7,13.4,13.2
2026iacf,10439,80.7,18.3,12.3
2026iacf,10476,111.9,12.5,12.3
2026iacf,11210,62.5,10.1,9.6
2026iacf,11219,93.9,11.3,12.4
2026iacf,11241,81.9,8.3,9.1
2026iacf,11312,61.1,11.6,10.5
2026idbo,359,115,12.7,12.6
2026idbo,1566,93,14.1,14.1
2026idbo,1569,72.6,13,11.8
2026idbo,1828,83.6,15,14.1
2026idbo,1891,112.8,13.4,13.4
2026idbo,2122,106.5,15.7,16.8
2026idbo,2130,108.8,12.8,11.9
2026idbo,2486,95.6,9.7,10.5
2026idbo,2594,96.3,9.4,10
2026idbo,2726,111.3,13.6,13.5
2026idbo,3006,108.9,19.5,19.4
2026idbo,3216,113,13.1,13
2026idbo,3729,114.5,18.1,17.9
2026idbo,4175,112.7,11.1,9.8
2026idbo,4183,114.8,11.9,11.3
2026idbo,4585,88.7,8.2,7.6
2026idbo,5461,114.1,12.1,12.3
2026idbo,5515,107.5,10.6,10.6
2026idbo,5871,36.4,9.6,9.2
2026idbo,6358,84.1,11.5,10.7
2026idbo,7334,97.8,8,8.1
2026idbo,7436,98.7,15.7,14.7
2026idbo,7497,103.4,11.4,12.4
2026idbo,7895,108,10.2,10.3
2026idbo,8005,112.6,10.2,10.2
2026idbo,8229,112.1,11.3,11
2026idbo,8550,64.3,11.4,11.4
2026idbo,8551,114.6,9.5,9.7
2026idbo,8756,94.3,10.4,10.4
2026idbo,8885,88.3,10.8,10
2026idbo,9438,114.4,15.2,15.2
2026idbo,9449,100.3,7.5,7.7
2026idbo,9726,95.4,11.1,11.1
2026idbo,10903,113.7,11.8,12.4
2026idbo,11025,87.9,9.7,9.8
2026ilch,48,108.3,11.2,11.2
2026ilch,111,110.8,18.2,18.4
2026ilch,112,112,18.4,18.6
2026ilch,1739,76.2,12.6,12.7
2026ilch,1781,114,12.5,12.6
2026ilch,2022,79.1,11.8,11
2026ilch,2151,94.7,10.1,10.1
2026ilch,2290,111.3,10.3,10.6
2026ilch,2338,112.8,12.4,12.5
2026ilch,2358,112.8,15.4,15.4
2026ilch,2704,110.3,14.2,14.7
2026ilch,3061,104.4,19,18.6
2026ilch,3067,105.6,10.8,11.6
2026ilch,3472,114.2,12,12.1
2026ilch,3734,109.3,11.7,12
2026ilch,4296,81.7,12.3,12.3
2026ilch,4645,103.6,8.8,8.8
2026ilch,4702,66,9,9.6
2026ilch,4787,85,15,15.1
2026ilch,4863,75.8,11.9,11.9
2026ilch,5822,109.3,12.9,13
2026ilch,5847,114.7,12.1,12.1
2026ilch,5934,114.9,12.5,11.8
2026ilch,6651,110.2,12,11.9
2026ilch,7201,98.5,11.8,11.8
2026ilch,7417,65,6.4,6.6
2026ilch,8020,114.8,12.4,12.4
2026ilch,8029,108.1,11,10.8
2026ilch,8096,107.7,15.4,15.4
2026ilch,8122,80.2,10,10
2026ilch,8880,108.3,8.3,9.3
2026ilch,9280,102.4,13.2,14.1
2026ilch,9669,76.5,11.2,11.2
2026ilch,10435,113,9.1,9.7
2026ilch,11173,70.9,11.5,11.3
2026ilpe,648,107,14.4,14.4
2026ilpe,1625,114.5,14.3,14.3
2026ilpe,1736,105.4,9.4,9.7
2026ilpe,1756,104.3,12.5,11.7
2026ilpe,2022,75.8,10.9,11.8
2026ilpe,2039,75,10.8,11.6
2026ilpe,2040,110.6,13.8,14.1
2026ilpe,2481,114.7,17.4,17.9
2026ilpe,2861,98.1,14.2,15.6
2026ilpe,3067,101.9,10.4,11.2
2026ilpe,3284,105.1,18.9,18.7
2026ilpe,3488,113.6,14.3,14.2
2026ilpe,4096,109.5,14.4,15.2
2026ilpe,4143,105.8,16.4,16.7
2026ilpe,4156,93,10.9,9.7
2026ilpe,4213,109.9,13.3,13.3
2026ilpe,4423,94.1,10.3,10.4
2026ilpe,4645,103,8.7,8.7
2026ilpe,4655,108.8,11.3,11.3
2026ilpe,4787,87,14.6,14.8
2026ilpe,5442,114.9,15,15
2026ilpe,6237,104.7,11.3,11.4
2026ilpe,6651,107.2,11.8,11.7
2026ilpe,7417,64.8,6.2,6.4
2026ilpe,7472,92.2,12.6,12.6
2026ilpe,7848,113.4,13.3,13
2026ilpe,8020,114.5,12.4,12.4
2026ilpe,8029,105.6,10.3,10.1
2026ilpe,8096,105.4,15,15.1
2026ilpe,8719,107.7,13.2,13.5
2026ilpe,9082,107.9,10.8,10.8
2026incmp,45,114.7,18,18
2026incmp,135,114.1,14,14.7
2026incmp,234,111.1,13.5,13.8
2026incmp,447,114,12.2,12.2
2026incmp,461,114.8,16.5,16.5
2026incmp,761,109,11.3,11.5
2026incmp,829,114.5,12.2,12.2
2026incmp,868,111,12.2,12.1
2026incmp,1024,112.7,12.5,12.4
2026incmp,1501,114.1,12.4,12.5
2026incmp,1646,114.5,16.2,16.2
2026incmp,1720,112.8,12.8,12.8
2026incmp,1741,107.6,16.9,16.8
2026incmp,1747,114.6,12.8,13
2026incmp,2867,109.1,15.7,15.7
2026incmp,3176,99.7,13.8,14.6
2026incmp,3494,109.8,17.5,17.5
2026incmp,3940,115,14.3,14.5
2026incmp,4272,114.7,16.8,16.9
2026incmp,4580,94.6,13.5,14.2
2026incmp,4926,109.1,12.9,12.7
2026incmp,4982,113.4,12.1,12.7
2026incmp,5010,110.3,17,17.1
2026incmp,5402,109.7,13.9,13.9
2026incmp,5484,114.2,11,11.4
2026incmp,6498,113.1,12.5,12.7
2026incmp,6721,111.5,14.9,15
2026incmp,6956,99.9,14.4,14.3
2026incmp,7457,114.2,16.5,16.9
2026incmp,7617,114.8,13.7,14.1
2026incmp,7657,99.1,10.3,9.9
2026incmp,8116,106.1,16.3,16.7
2026incmp,8430,101.4,16.2,16.2
2026incmp,9119,78.6,14.1,15.1
2026incmp,9431,108.5,20.4,19.8
2026incmp,9491,84.2,9.5,8.3
2026incmp,10021,115,10.5,10.6
2026incmp,10434,73.1,12.1,12.1
2026incol,45,114.6,15.2,15.2
2026incol,234,114,13.1,13.2
2026incol,292,112.2,15.7,15.7
2026incol,761,104.1,10.5,10.9
2026incol,868,113.1,11,10.7
2026incol,1018,110.8,16.4,15.4
2026incol,1024,110.8,12.3,12.2
2026incol,1720,107.8,17.7,17.7
2026incol,1741,104.6,17,17.1
2026incol,1747,109.8,12.7,12.6
2026incol,2171,111.2,14.9,14.9
2026incol,3147,97.7,13.3,12.9
2026incol,3487,112.7,12.9,12.6
2026incol,3559,98.1,9.5,9.6
2026incol,4580,98.4,13.5,14.2
2026incol,4926,111.5,12.9,12.7
2026incol,4982,104.6,12.1,12.7
2026incol,5010,109.9,17,17.2
2026incol,5188,110.1,10.5,10.7
2026incol,6498,109.4,12.5,12.7
2026incol,6956,112,14.2,14
2026incol,7457,113.5,15.9,16.2
2026incol,7657,98.9,10.2,10.1
2026incol,8103,103.3,14.1,14.1
2026incol,8116,102.4,16.1,16.6
2026incol,8430,77.4,16.2,16.2
2026incol,8431,84.4,11,11
2026incol,8432,74.6,12.1,12.1
2026incol,9071,91.8,11.8,11.9
2026incol,9119,78.9,14,14
2026incol,9431,104.6,12,11.9
2026incol,9491,87.2,9.4,8.2
2026incol,9790,94.7,5.9,5.8
2026incol,10021,113.2,10.9,10.1
2026incol,10172,67.4,16.2,16.2
2026incol,10411,103.3,15.8,15.8
2026incol,10434,69.1,12.3,12.3
2026inlaf,71,104.1,16.2,15.8
2026inlaf,135,112,14.6,14.7
2026inlaf,234,114.4,13.5,13.9
2026inlaf,292,114.8,15.6,15.7
2026inlaf,328,98.8,15.8,15.6
2026inlaf,461,113.1,16.5,16.6
2026inlaf,829,113.8,12.4,12.3
2026inlaf,1018,113.3,16.5,15.4
2026inlaf,1501,114.9,12.4,12.5
2026inlaf,1555,96.6,10.4,10.5
2026inlaf,1646,114.9,16.1,16.1
2026inlaf,1741,105.4,17,17
2026inlaf,2171,113.3,14.9,14.8
2026inlaf,2867,107.3,15.6,15.6
2026inlaf,3176,104.5,13.8,14.6
2026inlaf,3487,111.5,13.1,12.5
2026inlaf,3494,114.9,17.7,17.7
2026inlaf,3865,87.7,12.7,12.5
2026inlaf,4272,112,16.7,16.8
2026inlaf,4485,97.5,9.2,9.2
2026inlaf,4580,92.3,13.7,14.2
2026inlaf,4982,107.2,12.1,12.7
2026inlaf,5402,110.9,13.8,13.8
2026inlaf,6721,110.3,14.9,15.1
2026inlaf,6956,104.8,14.2,14
2026inlaf,7198,84.9,12.3,12.8
2026inlaf,7457,113.6,15.5,16.2
2026inlaf,7477,98.6,15.6,15.6
2026inlaf,7617,111.2,13.8,14
2026inlaf,7695,60.2,11.9,11.9
2026inlaf,8742,108.2,14.5,14.5
2026inlaf,9530,57.5,14.4,14.4
2026inlaf,10021,114.3,10.6,10.5
2026inlaf,10172,67.8,16,16
2026inlaf,10332,108.6,13.4,13.3
2026inmis,45,112.2,16,16
2026inmis,71,101.4,16.2,15.8
2026inmis,135,106.1,14.7,14.8
2026inmis,328,92.1,15.8,15.6
2026inmis,447,113,12.2,12.2
2026inmis,461,113.7,16.4,16.5
2026inmis,829,112.7,12.2,12.2
2026inmis,1024,111.6,12.5,12.4
2026inmis,1501,112.5,12.3,12.3
2026inmis,1555,92.5,10.3,10.3
2026inmis,1646,114,16.2,16.2
2026inmis,2197,111.6,11.5,11.7
2026inmis,2867,104.7,15.6,15.6
2026inmis,3147,99.3,13.7,13.2
2026inmis,3176,104.5,13.6,14.7
2026inmis,3494,111.5,23,23
2026inmis,3865,80.2,12.6,12.5
2026inmis,3936,82.4,12.6,12.6
2026inmis,3940,114.3,13.1,13.1
2026inmis,4272,114.7,16.7,16.8
2026inmis,5010,110.7,16.7,16.9
2026inmis,5402,114.8,13.9,13.9
2026inmis,5484,113.4,10.9,10.6
2026inmis,6721,113,14.8,15.1
2026inmis,7457,114.9,16,16.2
2026inmis,7477,96.9,16.4,16.4
2026inmis,8103,108.3,14.1,14.1
2026inmis,8431,89.6,10.7,10.7
2026inmis,8432,74.7,12,12
2026inmis,9071,88.1,15,15
2026inmis,9119,87.2,14.2,14.2
2026inmis,9431,101.9,12.1,11.9
2026inmis,9453,67,11.3,11.3
2026inmis,9530,60.3,14.5,14.5
2026inmis,9554,114.9,11,11
2026inmis,10029,98.1,9.8,10.3
2026inmis,10332,63.9,13,12.8
2026inmis,10411,101.7,15.5,15.8
2026inmis,10434,75.3,10.3,10.5
2026inwas,234,114.4,13.4,13.9
2026inwas,447,114.4,12.2,12.2
2026inwas,761,107.2,10.9,11.3
2026inwas,868,112.1,12.1,12.1
2026inwas,1720,110.7,12.7,12.7
2026inwas,1747,111.6,12.8,13
2026inwas,2197,109.5,11.8,11.9
2026inwas,3559,105,9.5,9.6
2026inwas,3940,113.9,13.3,13.2
2026inwas,4485,97.5,9.4,9.5
2026inwas,4926,113.9,12.8,12.8
2026inwas,5188,110.2,10.7,10.8
2026inwas,5484,113.4,11.1,11.3
2026inwas,6498,109.1,12.5,12.7
2026inwas,7198,95.3,12.4,12.9
2026inwas,7617,112.9,13.7,14
2026inwas,7657,100.3,10.1,10.3
2026inwas,8116,102.7,16.2,16.7
2026inwas,8430,81,16.4,16.3
2026inwas,8742,108.4,14.7,14.7
2026inwas,9453,82.2,10.9,11.4
2026inwas,9491,82.6,9.5,8.3
2026inwas,9554,110.1,11.6,11.4
2026inwas,9790,107.5,6.1,6.1
2026inwas,10029,93,12.4,12
2026ksla,757,101.1,12.1,12.3
2026ksla,935,111.9,10.3,10.2
2026ksla,937,99.2,9.2,9.2
2026ksla,1723,105.1,7.2,8.9
2026ksla,1730,113.6,11.5,10.9
2026ksla,1763,96.2,11.3,11.3
2026ksla,1764,115,15.7,15.7
2026ksla,1769,95.4,11.8,14.1
2026ksla,1775,98.5,12.7,12.3
2026ksla,1802,101.8,15.1,14
2026ksla,1810,114.2,15.2,15.2
2026ksla,1825,102.8,16.5,16.5
2026ksla,1847,115,13.5,13.5
2026ksla,1986,112,10.7,10.6
2026ksla,1987,112.8,18,17.8
2026ksla,1994,94.2,15.6,15.6
2026ksla,2345,109,11,11.5
2026ksla,2357,111.8,14.3,14.4
2026ksla,2410,111,12.4,12.4
2026ksla,2457,96,9.9,9.9
2026ksla,4418,107,12.2,12.2
2026ksla,4809,103.8,11.9,12.1
2026ksla,4959,100.8,14.3,14.3
2026ksla,5013,114.1,12.5,12.5
2026ksla,5098,89.4,15.7,15.7
2026ksla,5119,113.5,13.5,13.8
2026ksla,5126,114.6,9.8,9.9
2026ksla,5141,103.4,9.4,9.4
2026ksla,5147,90,12.8,15.7
2026ksla,5189,79.2,9.5,9.5
2026ksla,5268,67.7,10.1,10.7
2026ksla,5801,112.6,9.5,9.5
2026ksla,6843,101.2,13.9,13.9
2026ksla,8825,106.1,11,9.6
2026ksla,9126,110.2,12.6,12.6
2026ksla,9316,112,13.2,13.2
2026ksla,9410,114.8,13.4,13.2
2026ksla,9445,113.4,11.9,11.9
2026ksla,9551,109.8,12.5,11.6
2026ksla,10453,103.9,13.3,13.3
2026ksla,10682,55.3,11.5,11.6
2026lake,16,114.2,11.9,12
2026lake,364,107,14.6,11.6
2026lake,456,110.5,13.7,13.9
2026lake,1421,103.5,8.1,8.1
2026lake,1818,70,13.9,13.9
2026lake,1902,107.6,17,16.3
2026lake,2080,103.8,11.9,11.7
2026lake,2183,114.5,11,11.6
2026lake,2221,63.6,14.4,15.3
2026lake,2992,111.2,12,12.3
2026lake,3039,103.4,11.5,11.2
2026lake,3284,103.6,18.8,18.7
2026lake,3468,78.9,9.9,10
2026lake,3478,111.7,13.8,13.9
2026lake,3616,114.1,15,13.6
2026lake,3753,101.7,10.2,10.2
2026lake,3824,100.8,11.4,11.5
2026lake,3937,114.7,12.7,12.8
2026lake,4087,102,12.6,12.6
2026lake,4336,114.8,12.2,12.4
2026lake,4635,113.3,21.7,21.2
2026lake,5705,110.2,11.1,11.4
2026lake,5863,96.2,9.1,9.4
2026lake,5887,98.7,10,9.9
2026lake,5965,55.4,10.4,10.2
2026lake,6068,73.2,12.5,12.2
2026lake,6489,88.9,11.6,11.3
2026lake,7072,101.8,13.7,13.2
2026lake,7094,104.9,12.1,12.2
2026lake,7288,62.4,13.1,13.1
2026lake,8044,112.4,9.2,9.1
2026lake,8808,112.9,13.3,13.5
2026lake,9309,87.6,13.7,13.6
2026lake,9313,69.4,8.6,8.6
2026lake,9405,94.6,14.8,14.9
2026lake,9456,66.6,10.6,13.4
2026lake,9660,62.2,9.6,9.6
2026lake,9699,63.2,15.1,14.2
2026lake,9708,59.3,14.2,14.2
2026lake,9717,96.3,11,10.9
2026lake,9761,64.3,11.4,11.8
2026lake,9768,75,9.9,9
2026lake,9787,105.9,13.3,12.9
2026lake,10101,114.2,10.7,10.7
2026lake,10217,87.4,14.6,15.2
2026lake,10446,63.3,8,8.3
2026lake,10497,57.4,13.9,13
2026lake,10550,62.6,15,15
2026lake,10929,63.8,11.7,12.4
2026lake,10943,67.9,11.3,10.6
2026lake,11260,63,12.1,12.1
2026lake,11276,63.7,10,10.5
2026lake,11342,61.7,9.2,8.9
2026mawor,97,98,8.2,8.3
2026mawor,157,113.7,10.7,10.7
2026mawor,190,113.5,16.6,16.7
2026mawor,237,92.8,13.1,13.1
2026mawor,348,100.5,8.8,8.8
2026mawor,467,112.3,14.7,14
2026mawor,716,64,9.2,10.4
2026mawor,999,113.7,13.7,12.3
2026mawor,1027,113,16.6,16.6
2026mawor,1100,102.6,15.7,15.5
2026mawor,1474,102.2,9.8,9.8
2026mawor,1740,106.4,13.6,13.6
2026mawor,1757,107.4,10.6,10.6
2026mawor,1768,104.8,14.2,13.9
2026mawor,2079,113.6,14,14.1
2026mawor,2168,105.6,9.9,10
2026mawor,2262,88.6,10.3,10.3
2026mawor,2370,103,11,10.8
2026mawor,3205,100.6,9.3,9.8
2026mawor,3467,111.3,17.1,17.1
2026mawor,3634,107.2,13.1,13.1
2026mawor,4048,110.7,11.5,11.5
2026mawor,4628,55.5,9,8.3
2026mawor,5000,114.8,17.5,17.8
2026mawor,5112,108.3,11.1,11
2026mawor,5347,101.4,11.7,11.7
2026mawor,5422,113,10.5,10.5
2026mawor,5491,112.9,10.7,11.9
2026mawor,5494,112.9,10.7,11.9
2026mawor,6333,110.9,10.6,10.3
2026mawor,6762,62.3,9.8,9.8
2026mawor,7760,77.8,9.7,9.1
2026mawor,8544,110.3,11.4,11
2026mawor,8567,101.3,14.6,13.1
2026mawor,8724,113.9,14.4,14.4
2026mawor,9644,100.6,11.2,11
2026mawor,10254,114.8,12.7,13.6
2026mawor,10393,74,12,12
2026mawor,11483,77,17.2,19
2026mdbet,116,113.4,9.4,9.5
2026mdbet,449,113.1,11.8,11.9
2026mdbet,888,96.6,13.3,13.3
2026mdbet,1389,111.3,14.2,15.2
2026mdbet,1446,64.8,10.3,9.6
2026mdbet,1727,106.7,11.7,11.9
2026mdbet,1731,114.2,12,11.9
2026mdbet,2186,98.7,12.9,13.2
2026mdbet,2421,94,12.5,12.5
2026mdbet,2537,90.9,15,14.8
2026mdbet,2900,78.9,8.4,8.2
2026mdbet,2912,73.5,7.1,7.5
2026mdbet,2914,82.4,9.9,7.9
2026mdbet,2988,60.8,10.6,10.6
2026mdbet,3373,93,9,8.9
2026mdbet,3714,65.8,9.8,9.8
2026mdbet,4456,104.9,14.5,14.7
2026mdbet,4464,73.5,8.8,9.3
2026mdbet,4472,114.1,12.6,12.3
2026mdbet,4638,104.1,12.3,11.6
2026mdbet,4821,87.6,12.3,12.4
2026mdbet,5243,114.4,10.5,10.3
2026mdbet,5338,106.5,15,15
2026mdbet,5353,79.6,11.1,10.8
2026mdbet,5549,99.5,10.4,10.4
2026mdbet,5587,95.1,10.5,10.8
2026mdbet,5841,60.1,15.2,15.2
2026mdbet,6239,102.1,12.7,12.7
2026mdbet,6882,67.5,14.5,14.2
2026mdbet,7886,57,14.5,12
2026mdbet,8590,78.7,15,14.7
2026mdbet,11211,64.6,5.7,5.7
2026mdbet,11318,73.3,12.6,12.7
2026mdpas,614,113.1,13.4,14
2026mdpas,623,95,9.1,9.1
2026mdpas,686,107.9,18.8,18.8
2026mdpas,836,108.3,13,12.6
2026mdpas,888,94.4,13.4,13.4
2026mdpas,1111,92.3,10.1,10
2026mdpas,1418,114.3,12.9,10.9
2026mdpas,1629,101.2,14.4,14.7
2026mdpas,1719,82.8,11.9,11.8
2026mdpas,2199,111.5,10.3,10.8
2026mdpas,2421,81.6,12.1,12.1
2026mdpas,2537,91.3,13.4,13.2
2026mdpas,2849,77.1,7.7,7.7
2026mdpas,2900,75.8,8.5,8.3
2026mdpas,3748,115,13.5,13.5
2026mdpas,4464,71.8,8.8,9.2
2026mdpas,4505,106.2,12.7,12.7
2026mdpas,4541,98.2,11.3,11.3
2026mdpas,4821,101.1,12.1,12.1
2026mdpas,5115,81.5,10.6,10.4
2026mdpas,5830,88.1,10.2,10.2
2026mdpas,5841,37.7,13.9,15.2
2026mdpas,6239,97.6,12.7,12.7
2026mdpas,6326,38.2,9.5,9.7
2026mdpas,6863,99.6,12.1,10.8
2026mdpas,7770,103.8,15.9,15.9
2026mdpas,7886,51.5,14.5,12
2026mdpas,8590,82.3,15,14.5
2026mdpas,8622,83.8,10.3,10.3
2026mdpas,8726,110.1,12.5,12.7
2026mdpas,9033,88.6,14.7,14
2026mdpas,9072,114.9,17,17
2026mdpas,10679,59.9,12.4,12.4
2026mdpas,11350,61.4,9.2,8.9
2026mdsev,339,99.3,10,9.7
2026mdsev,614,114.6,14.1,14.6
2026mdsev,623,102.9,9.1,9.1
2026mdsev,686,103.7,18.6,18.5
2026mdsev,836,99.8,12.7,12.3
2026mdsev,1111,96.1,10,10
2026mdsev,1389,112.7,14,15
2026mdsev,1418,105.5,12.5,10.4
2026mdsev,1446,66.4,10.4,9.9
2026mdsev,1629,102.3,15,14.7
2026mdsev,1719,85.7,13.5,13.5
2026mdsev,1727,110.6,11.5,11.7
2026mdsev,1915,92.3,13.1,13.3
2026mdsev,2199,112.4,9.8,10.4
2026mdsev,2377,115,16.4,16.2
2026mdsev,2534,54.7,13.1,13.1
2026mdsev,2849,75.9,9.8,9.8
2026mdsev,2912,77.8,7.3,7.8
2026mdsev,2914,89.8,9.9,7.8
2026mdsev,2963,83.3,9.5,9
2026mdsev,3714,77.2,10.7,10.7
2026mdsev,3748,114.2,13.8,13.8
2026mdsev,4505,107.3,12.6,12.6
2026mdsev,4541,103.2,11.6,11.6
2026mdsev,6863,92.2,12.1,12.1
2026mdsev,7770,109.5,13.9,14.6
2026mdsev,8592,113.6,17.6,17.7
2026mdsev,8622,75.5,10.6,10.6
2026mdsev,8726,112.2,12.8,12.8
2026mdsev,9033,92.4,14.8,14.2
2026mdsev,10449,58.2,8.6,9.3
2026mdsev,10679,73.4,12.4,12.4
2026mdsev,11211,51,8,8
2026mdsev,11318,69.8,12.6,12.7
2026mdsev,11350,63.5,9.3,9.5
2026mibat,1502,108.7,13.8,13.8
2026mibat,2767,113.5,13.9,15.9
2026mibat,3234,105.2,11.5,11.8
2026mibat,3658,104.9,12.1,12.1
2026mibat,4237,109.8,11.9,11.9
2026mibat,4453,98.7,14.1,14.1
2026mibat,4568,66.1,11.1,11.1
2026mibat,4810,105.9,13.1,13.1
2026mibat,4855,112.1,14.8,14.8
2026mibat,5150,114.1,11.6,11.6
2026mibat,5152,104.6,7.5,7.5
2026mibat,5227,78.9,10,10.5
2026mibat,5248,93.4,11.7,11.7
2026mibat,5462,88,9.9,9.9
2026mibat,5538,108.8,15.2,15.2
2026mibat,5577,110.6,14,14
2026mibat,5675,114,12.8,12.7
2026mibat,6002,102.9,12.9,13.3
2026mibat,6556,73.6,12.7,12.7
2026mibat,6588,64.6,11.4,11.2
2026mibat,7211,112.1,14.1,14.1
2026mibat,7865,78.8,13.5,12.7
2026mibat,8126,97.8,14.6,14.6
2026mibat,9205,45.3,6.7,9.9
2026mibat,9215,104.5,10.5,10.5
2026mibat,9239,67.4,11.2,11.5
2026mibat,9672,55.2,2.7,9.5
2026mibat,9703,63.6,10.4,10.6
2026mibat,9743,106.3,10.9,10.7
2026mibat,9758,96.2,9.6,9.5
2026mibat,9776,62.1,9.1,8.4
2026mibat,10651,71.6,9.7,9.9
2026mibat,10654,102.7,10.2,10.1
2026mibat,11407,62.3,9.8,9.7
2026mibat,11423,54.7,6.8,10.8
2026mibat,11431,62.3,11.6,11.6
2026mibat,11460,62.9,10.1,9.8
2026mibat,11496,63,9.9,9.7
2026mibat,11511,62,7.9,8.1
2026mibel,66,105.7,12.5,12.4
2026mibel,94,61.6,10.9,10.2
2026mibel,245,113.7,13.4,13.4
2026mibel,1188,111.5,13.2,12.8
2026mibel,1250,114.9,17,16.8
2026mibel,1528,38.3,9,9.4
2026mibel,1701,112,8.9,9.2
2026mibel,3098,99.8,9.4,9.5
2026mibel,3641,113.4,13.9,13.8
2026mibel,3656,113.7,10.1,10.3
2026mibel,4391,112.8,13.5,13.5
2026mibel,4395,73.7,13.2,12.1
2026mibel,4405,100.5,16.6,16.5
2026mibel,4737,79.8,11.6,11.3
2026mibel,5053,112,12.3,12.3
2026mibel,5067,81.5,11.4,11.1
2026mibel,5263,69.3,10.4,10.4
2026mibel,5498,97,11.9,10.7
2026mibel,5708,107.3,13.6,13.5
2026mibel,6029,100.6,18.7,18.7
2026mibel,6120,112.9,20.3,20.3
2026mibel,6190,74,13.2,13.2
2026mibel,6344,112.7,12.2,12.2
2026mibel,6528,103.3,11.6,11.6
2026mibel,6538,102.1,12.9,12.9
2026mibel,6615,108.4,13.4,12.9
2026mibel,6618,72.6,11.9,11.6
2026mibel,7220,104.8,11.3,12.1
2026mibel,7247,40.8,11.1,11.1
2026mibel,8373,112.6,10.2,10.5
2026mibel,8623,40.2,13.6,13.6
2026mibel,8832,85.7,12,10.9
2026mibel,9204,90.4,14.1,12.3
2026mibel,9455,107.5,9.9,9.9
2026mibel,9735,62.8,9.7,9.1
2026mibel,9751,99.3,18.6,18.6
2026mibel,10656,76.2,13.5,13.6
2026mibel,10672,70.7,9.3,9.2
2026mibel,11505,61.3,10.3,10.3
2026miber,74,103.9,18,18
2026miber,302,113.2,11.8,11.8
2026miber,503,114.3,13.8,13.8
2026miber,1504,85.1,16,15.4
2026miber,1940,52.7,10.8,11.3
2026miber,2604,58.8,10.8,10.8
2026miber,2959,114.2,10.2,9.4
2026miber,2960,112.3,12,12.1
2026miber,3452,105.8,12.4,11.8
2026miber,3620,114.7,17.2,17.2
2026miber,4237,108.3,11.9,11.9
2026miber,4325,100.1,9.4,9.4
2026miber,4855,112.5,14.5,14.5
2026miber,5182,63.1,8.1,8
2026miber,5227,74.6,9.8,10.4
2026miber,5462,86.8,10.2,10.1
2026miber,5535,108.1,14.1,13.7
2026miber,5927,99.2,10,10
2026miber,6002,97.3,13.2,13.6
2026miber,6548,110.4,13.7,13.7
2026miber,6588,64.4,11,10.9
2026miber,7203,82.5,12.7,12.7
2026miber,7809,82.5,20.8,20.8
2026miber,7814,78.7,12.2,12.2
2026miber,9182,109.5,14.8,14.8
2026miber,9208,108.1,11.4,11.4
2026miber,9549,79.7,11.2,11.2
2026miber,9758,87,9.5,9.4
2026miber,10473,96.1,11.8,11.8
2026miber,10633,98.7,18,18
2026miber,10642,68.8,10.3,10
2026miber,10666,112.9,11.6,11.8
2026miber,11399,109.1,13,12.6
2026miber,11431,62.3,11.9,11.9
2026miber,11491,62.6,10.7,10
2026miber,11511,64.2,7.8,8.4
2026mibig,244,113,12,11.4
2026mibig,288,115,11.8,11.2
2026mibig,1718,111,11.3,11
2026mibig,1918,109.9,13.7,14.2
2026mibig,3603,113.6,11.9,12.1
2026mibig,3618,102.8,9.8,9.7
2026mibig,4004,107.4,19.8,19.8
2026mibig,5162,53.5,9.7,9.7
2026mibig,5182,55.2,8.1,8
2026mibig,5183,97.9,11.1,11.1
2026mibig,5213,62.6,10.8,10.8
2026mibig,5247,79.9,10.3,10.3
2026mibig,5525,62.5,11.6,11.6
2026mibig,5535,105.1,14,13.7
2026mibig,5704,77.7,12.1,11.6
2026mibig,5878,81.7,10.8,9.5
2026mibig,5982,112.2,13.7,13.7
2026mibig,6005,86.7,12.7,12.7
2026mibig,6077,104.7,15.3,15.3
2026mibig,6091,62.8,10.2,10.2
2026mibig,6098,92.4,13.2,13.2
2026mibig,6100,86.2,14.5,14.5
2026mibig,6122,94,12.3,12.3
2026mibig,6642,114.6,14.3,14.3
2026mibig,6963,54.8,10.4,10.4
2026mibig,7109,56.3,10.1,10.1
2026mibig,7160,111.9,14,14
2026mibig,7203,82.9,12.2,12.2
2026mibig,7794,63.5,11,11
2026mibig,7810,71.4,14.6,14
2026mibig,7911,68.7,10.7,10.7
2026mibig,8286,91.4,13.4,13.4
2026mibig,8611,109.6,14.7,14.7
2026mibig,9176,69.8,11,11
2026mibig,9673,91.1,12,12
2026mibig,9721,67.7,10.2,10.5
2026mibig,9731,61.1,10.3,10.3
2026mibig,9736,60.7,12.2,11
2026mibig,9771,114,10.6,10.7
2026mibig,10421,70.5,10.4,10.3
2026mibig,11435,68.9,7.8,7.3
2026mibkn,862,108.3,19.9,20.7
2026mibkn,1025,115.1,18.7,18.7
2026mibkn,1481,113.8,11.6,11.8
2026mibkn,2611,108.9,12.1,12.2
2026mibkn,3414,113.6,12.4,12.3
2026mibkn,3668,112.4,17.9,19.3
2026mibkn,3773,100.2,11.5,11.6
2026mibkn,4003,103.5,13.5,13.8
2026mibkn,4216,74.1,7.9,7.9
2026mibkn,4381,107.6,16.5,16.3
2026mibkn,4422,111.4,15.6,15.8
2026mibkn,4568,65.3,10.8,10.8
2026mibkn,5144,111.9,11,11.4
2026mibkn,5205,87.8,11.2,11.5
2026mibkn,5239,108,9.3,10.7
2026mibkn,5530,108.3,14.6,14.6
2026mibkn,5641,107.8,13.7,13.7
2026mibkn,5676,105.3,10.7,10.7
2026mibkn,6556,70,12.3,12.5
2026mibkn,7197,112.5,12.5,13.7
2026mibkn,7221,63.6,6.1,7.7
2026mibkn,7225,84.4,6,6
2026mibkn,7501,94,22.7,22.6
2026mibkn,7656,93.9,13.7,14.1
2026mibkn,8300,106.7,7.4,7.9
2026mibkn,9183,83.3,15.5,12.5
2026mibkn,9210,114.8,10.5,11
2026mibkn,9212,97.7,10.3,9.1
2026mibkn,9312,106.8,6.9,6.6
2026mibkn,9594,72.1,10.7,11
2026mibkn,9753,59,7.8,8.2
2026mibkn,11386,81.2,10.8,11.2
2026mibkn,11387,98,12.2,12.2
2026mibkn,11444,60,11,10.1
2026mibkn,11460,63.9,8.8,9
2026mibkn,11462,59.9,10.9,11
2026mibkn,11496,62.6,10.2,9.9
2026mibro,217,114.9,10.4,10.2
2026mibro,240,87,9.6,8.7
2026mibro,247,114.8,13.4,13.4
2026mibro,469,114.8,12.2,12.2
2026mibro,815,98.2,8.8,8.9
2026mibro,910,101.7,20.8,21.5
2026mibro,1189,103.4,14.3,14.4
2026mibro,1528,41,10.5,11.3
2026mibro,2620,108.3,12.8,12.8
2026mibro,2832,113.5,8.5,8.5
2026mibro,2834,106.7,14,13.1
2026mibro,3322,114.6,14.1,14.1
2026mibro,3604,114.2,11.9,12.5
2026mibro,4390,62.1,12,12
2026mibro,5050,104.9,13.2,13.3
2026mibro,5090,102.7,15,15
2026mibro,5263,67.4,10.5,10.5
2026mibro,5498,95.9,12.2,10.9
2026mibro,5901,61.8,13.5,14.2
2026mibro,5907,110.5,14.8,14.8
2026mibro,6029,100.2,18.7,18.7
2026mibro,6057,63.7,9.8,9.8
2026mibro,6101,94.2,11.3,11.3
2026mibro,6152,95.2,11.9,12.8
2026mibro,6528,96.7,11.6,11.6
2026mibro,6570,112.7,14.1,15
2026mibro,6618,71.8,12.1,11.5
2026mibro,6861,113,11,10.6
2026mibro,6914,108.2,18.1,18.1
2026mibro,7174,114.2,11.3,10.8
2026mibro,7769,110.1,12.6,12.4
2026mibro,8124,57.2,19.6,19.6
2026mibro,8179,94.8,10.6,10.6
2026mibro,8362,57.9,9.7,9.8
2026mibro,8427,67.7,10.7,10.9
2026mibro,9148,65,12.6,13.5
2026mibro,9182,111.2,10.8,10.8
2026mibro,9226,82.9,8.8,8.1
2026mibro,9572,114.1,18.4,18.7
2026mibro,10606,81.1,10.9,10.9
2026miche,27,112.1,14.7,14.9
2026miche,240,85.8,9.6,8.8
2026miche,302,112.8,7.1,6.3
2026miche,503,104.6,14.4,14.4
2026miche,1076,107.6,12.5,11.1
2026miche,1502,113.2,13.5,13.5
2026miche,2611,114.5,12.1,12.1
2026miche,3641,104.3,9.8,9.8
2026miche,3656,111.8,9.9,10
2026miche,3668,108.9,18.1,19.4
2026miche,4216,72.1,8.1,8.1
2026miche,5046,114.8,11.2,11.2
2026miche,5144,112.1,11.1,11.2
2026miche,5205,85.9,11,11.5
2026miche,5260,62,13.1,12.7
2026miche,5314,107.3,12.6,12.6
2026miche,5460,103.6,19.1,18.9
2026miche,5530,88.2,14.2,14.8
2026miche,5567,99.6,9.5,10.1
2026miche,5708,105.1,13.5,13.2
2026miche,6081,111.5,12.8,12.3
2026miche,6570,112.2,13.8,14.7
2026miche,6591,94.8,9.2,10.2
2026miche,7056,70.9,13.9,13.6
2026miche,7197,112.7,12.5,13.6
2026miche,7501,94.5,22.5,22.4
2026miche,8124,56,19.4,19.4
2026miche,8300,81.6,7.1,7.4
2026miche,8373,112,10,10.4
2026miche,8374,67.8,7.5,6.9
2026miche,8832,92.7,11.7,11.7
2026miche,9204,85.9,14,12.3
2026miche,9210,115.1,10.1,10.7
2026miche,9618,52.3,10.4,10.7
2026miche,10285,73.3,9.6,9.6
2026miche,10607,72.9,10.4,10.3
2026miche,11387,62.5,12.1,12.1
2026miche,11437,63.4,12.2,12.2
2026miche,11505,59.4,10.1,10.1
2026micmp1,27,112.7,14.1,14.9
2026micmp1,51,113.2,14.6,14.6
2026micmp1,67,114.1,18.1,17.5
2026micmp1,85,113.1,12,12.2
2026micmp1,217,111.4,10.3,10.4
2026micmp1,245,114.9,13.1,13.1
2026micmp1,1025,114.7,18.7,19
2026micmp1,1189,109.6,14.5,14.5
2026micmp1,1502,114.2,13.7,13.7
2026micmp1,1506,103.3,10.7,10.8
2026micmp1,2054,115,13.7,14.1
2026micmp1,2075,114.9,11.8,12.4
2026micmp1,3357,110.8,10,10
2026micmp1,3620,114.7,17.2,17.1
2026micmp1,3668,114.8,18.1,19.5
2026micmp1,3875,110.9,12.4,13.4
2026micmp1,4362,114.1,20.6,20.7
2026micmp1,4381,114.8,16.6,16.6
2026micmp1,4680,110.5,12.6,12.9
2026micmp1,5144,112.6,11,11.4
2026micmp1,5505,100.4,14,14.7
2026micmp1,5567,99.4,10.1,10.5
2026micmp1,5660,103.6,11.7,12.3
2026micmp1,5676,103,10.8,10.8
2026micmp1,5907,115,8.8,8.9
2026micmp1,6002,106.7,13.2,13.5
2026micmp1,6088,114.4,11.6,12.5
2026micmp1,6121,111.7,11.4,11.2
2026micmp1,7160,112.4,14.3,14.3
2026micmp1,7220,104.8,11.6,12.4
2026micmp1,7769,112.2,12.5,12.3
2026micmp1,8126,104.3,14.8,14.9
2026micmp1,8352,81.3,12.9,12.9
2026micmp1,8517,115,13.3,13.4
2026micmp1,9572,109,18,18.4
2026micmp1,9771,111,10.1,10.5
2026micmp1,10633,106.4,18.2,18.2
2026micmp1,10666,114.4,13.1,12.9
2026micmp1,10978,77.1,10.5,10.3
2026micmp1,11493,62.4,10.7,10.5
2026micmp2,201,113,14.8,14.8
2026micmp2,226,113.6,13.1,13.4
2026micmp2,244,114.9,12.1,11.6
2026micmp2,247,110.7,13.6,13.6
2026micmp2,302,114.9,13.1,13.1
2026micmp2,469,114.2,13.4,13.5
2026micmp2,862,114.8,19.9,20.1
2026micmp2,1023,114.3,11.1,11
2026micmp2,1076,109.2,12.9,11.7
2026micmp2,1498,110.9,17.6,17.7
2026micmp2,1684,111,15.9,15.9
2026micmp2,2586,114.6,13.2,13.1
2026micmp2,2611,111.8,12.3,12.4
2026micmp2,2767,113.2,16.1,16
2026micmp2,3414,114.5,12.6,12.4
2026micmp2,3572,112.2,12.7,12.7
2026micmp2,3602,96.5,11,10.8
2026micmp2,3656,114.8,10.3,10.3
2026micmp2,3767,114.6,11.9,12.3
2026micmp2,4398,112.9,10.6,10.3
2026micmp2,4855,111.2,14.6,14.6
2026micmp2,5046,113.2,12.8,12.8
2026micmp2,5114,112.2,12.7,12.6
2026micmp2,5193,110.5,13.4,14
2026micmp2,5462,92.9,10.2,10.2
2026micmp2,5535,104.1,14.1,13.8
2026micmp2,5577,104.7,14.4,14.4
2026micmp2,5982,112,13.6,13.6
2026micmp2,6090,114.8,11.4,11.5
2026micmp2,6528,108.6,11.9,11.9
2026micmp2,7250,111.8,15.3,13.7
2026micmp2,7598,109.2,14.4,14.4
2026micmp2,8424,109,16.2,16.1
2026micmp2,8608,115,13.1,13.1
2026micmp2,8767,94.2,13.1,15.5
2026micmp2,9210,106.7,10.5,10.9
2026micmp2,9215,105,10.4,10.5
2026micmp2,9245,101,12.6,12.7
2026micmp2,9255,114.9,11.9,11.3
2026micmp2,10349,112.5,13.7,14.4
2026micmp3,33,113.6,20.1,20.4
2026micmp3,68,113.9,14.9,14.9
2026micmp3,70,97.4,14.3,14.5
2026micmp3,123,105.3,13.7,13.6
2026micmp3,288,114.6,11.9,11.3
2026micmp3,548,102.8,13.5,13.4
2026micmp3,818,113.7,10.8,10.5
2026micmp3,894,109.9,11.3,11.3
2026micmp3,910,113.5,19.7,19.3
2026micmp3,1481,113.5,11.9,12
2026micmp3,1711,109.6,13.2,13.5
2026micmp3,1718,114.7,11.4,11.1
2026micmp3,2137,112.5,10.5,10.4
2026micmp3,2337,112.2,19.8,20.1
2026micmp3,2851,114.7,19.4,19.4
2026micmp3,2960,109.9,12.1,12.4
2026micmp3,3322,111.5,14.2,14.2
2026micmp3,3452,109.6,12.4,13
2026micmp3,3618,103.1,9.8,9.8
2026micmp3,4391,114,15.5,15.5
2026micmp3,4392,113.5,12.9,12.4
2026micmp3,4779,108.9,14.3,14.3
2026micmp3,4810,111.2,13.3,13.3
2026micmp3,4956,111.1,13.4,13.4
2026micmp3,4967,112.2,18.4,18.1
2026micmp3,5066,112,14.3,14.3
2026micmp3,5086,104.5,12.8,12.8
2026micmp3,5229,113.8,9.5,9.3
2026micmp3,5675,110.3,12.9,12.9
2026micmp3,5712,114.1,18.1,18.1
2026micmp3,5843,113.6,14.8,14.8
2026micmp3,6152,100.9,12.1,12.9
2026micmp3,6637,111,13.4,13.5
2026micmp3,7054,114.3,10.4,11.2
2026micmp3,7056,74.5,14.3,14.1
2026micmp3,7166,110.6,16.6,16.2
2026micmp3,7188,108.4,10.4,10.1
2026micmp3,8280,113.8,13.9,11.4
2026micmp3,8373,113.3,10.5,10.9
2026micmp3,8397,91.2,12.2,12.2
2026micmp3,8612,114.5,13.9,13.1
2026micmp4,494,96.7,14.3,13.5
2026micmp4,503,114.5,13.7,13.7
2026micmp4,573,102.5,12.5,12.4
2026micmp4,858,103.7,15.2,15.1
2026micmp4,1188,114,13.3,12.8
2026micmp4,1701,113.1,8.9,8.6
2026micmp4,1918,110,13.7,14.2
2026micmp4,2224,102.7,13.7,13.7
2026micmp4,2619,112,11,12
2026micmp4,3175,114.4,17.3,19
2026micmp4,3536,108.9,12.3,12
2026micmp4,3538,112.1,18.3,18.1
2026micmp4,3539,114.2,12.3,12.1
2026micmp4,3603,114.1,11.9,11.9
2026micmp4,3604,114.4,12,12.6
2026micmp4,3632,78.1,13.2,13.2
2026micmp4,3641,113.7,14.1,13.8
2026micmp4,3688,109.1,10.8,11.2
2026micmp4,3707,113.1,18.7,18.7
2026micmp4,3770,103.3,11.6,11.6
2026micmp4,4237,114.4,11.9,11.9
2026micmp4,4327,102.7,19.9,19.9
2026micmp4,4422,115,16,16.3
2026micmp4,5152,111.6,7.4,7.4
2026micmp4,5166,114.6,18.5,18.2
2026micmp4,5216,115.1,15.4,15
2026micmp4,5460,114,20,20
2026micmp4,5533,113.7,14.8,15
2026micmp4,5534,112.1,13.3,13.2
2026micmp4,6085,112.1,11.1,11.1
2026micmp4,6615,107.3,13.7,12.8
2026micmp4,6753,97.3,15.2,15.2
2026micmp4,7197,113.3,12.5,13.6
2026micmp4,7768,109.5,12,12
2026micmp4,8179,112.5,10.6,10.5
2026micmp4,8873,113,12.7,12.3
2026micmp4,9312,115.1,10.2,9.4
2026micmp4,9757,114.4,19.2,19.1
2026micmp4,11386,90.5,10.6,9.8
2026micmp4,11503,68.7,9.2,9.4
2026midtr,1,96.8,10.3,10.2
2026midtr,123,103.6,13.5,13.3
2026midtr,2048,64.3,13.1,13.1
2026midtr,2224,85.6,13.8,13.8
2026midtr,2591,54.9,10.3,10.3
2026midtr,2673,93.1,12.6,12.6
2026midtr,3096,60.2,10.8,10.8
2026midtr,3175,113,14.5,15.6
2026midtr,3619,62.9,9.6,9.6
2026midtr,3632,78,14.3,14.3
2026midtr,4680,110,12.6,12.7
2026midtr,4758,46.1,11.2,11.2
2026midtr,4838,109.6,12.2,12.7
2026midtr,4851,58.3,11.5,11.5
2026midtr,4854,37.2,14.4,14.4
2026midtr,5065,60.8,8.9,8.9
2026midtr,5197,48.9,13.6,13.6
2026midtr,5225,33.1,14.5,14.5
2026midtr,5478,63,11.2,11.2
2026midtr,5532,62.2,10.7,10.7
2026midtr,5577,114.7,14.2,14.2
2026midtr,5642,55,10.9,10.9
2026midtr,5756,58,11.5,11.9
2026midtr,6096,59.2,11.7,11.7
2026midtr,6099,102.5,11.6,11.6
2026midtr,6532,55.2,11.1,11.1
2026midtr,6616,112.1,13.2,13.3
2026midtr,7145,55.5,12.2,12.2
2026midtr,7196,97.7,14,15.6
2026midtr,7692,60.3,9.9,9.9
2026midtr,7865,74.6,13.6,13.5
2026midtr,8352,78.3,16,16
2026midtr,8899,37.8,11.4,11.4
2026midtr,9255,102.2,11.4,10.2
2026midtr,9651,61.8,12.2,12.2
2026midtr,10577,62.3,9.7,9.7
2026midtr,10607,76.5,9.9,9.9
2026midtr,11423,54.8,10.6,10.6
2026midtr,11461,58.6,10.5,10.9
2026midtr,11490,58,9.7,9.8
2026miesc,857,110.6,9.9,10.4
2026miesc,2586,114.5,13.1,13.1
2026miesc,3602,96,10.9,10.6
2026miesc,3770,102.7,11.4,11.4
2026miesc,4375,100.5,10.8,11.1
2026miesc,4377,110.8,12.2,12.2
2026miesc,4391,113.8,15.3,15.3
2026miesc,4392,113.5,13,12.5
2026miesc,4827,67.5,11,11
2026miesc,4835,98.9,13.7,15.1
2026miesc,5086,103.1,12.3,12.3
2026miesc,5193,108.9,13.5,14
2026miesc,5486,85.2,9.6,9.8
2026miesc,5505,98.9,13.5,14.3
2026miesc,5702,61.6,9.7,9.8
2026miesc,5706,56,9.2,9.2
2026miesc,6079,101.5,6.7,6.7
2026miesc,6088,110,11.2,12
2026miesc,6112,64.7,9.1,9.7
2026miesc,6113,79.4,13.1,14
2026miesc,6558,63.7,11.1,10.1
2026miesc,6569,109.6,9.2,9.1
2026miesc,6637,109.8,13.4,13.4
2026miesc,7250,114,15.2,13.7
2026miesc,7713,63.5,8.6,8.7
2026miesc,7782,108,14,14
2026miesc,8612,114.2,12.6,11.7
2026miesc,9249,73.3,11.9,11.9
2026miesc,9548,110.2,11.4,11.4
2026miesc,9674,113.2,12,11.9
2026miesc,9682,57.1,9.8,10.7
2026miesc,9722,49.8,9.6,9.4
2026miesc,9733,64.2,11.8,11.8
2026miesc,9755,75.7,12.7,12.7
2026miesc,9773,79.2,11.4,11.6
2026miesc,10589,113.5,9.6,9.8
2026miesc,10595,70.4,11.9,12.9
2026miesc,10605,68.2,10.4,10.6
2026miesc,10622,71.1,10,10.8
2026miesc,11466,58.7,11.1,10.9
2026mifen,68,115,14.6,14.5
2026mifen,70,99.6,12.8,13.1
2026mifen,494,96.2,14.3,13.5
2026mifen,862,113.4,20,21
2026mifen,1322,110.5,10.2,10.2
2026mifen,2145,103.2,19.5,19.5
2026mifen,3098,97.1,9.7,9.7
2026mifen,3568,106.6,14.1,13.6
2026mifen,4130,113.2,10.9,10.9
2026mifen,4810,114.1,10.1,10.1
2026mifen,5084,95.6,12.9,13
2026mifen,5114,106.7,12.6,13
2026mifen,5229,115,8.7,8.5
2026mifen,5234,72.2,9.4,9.4
2026mifen,5260,66.4,16.1,14.4
2026mifen,5282,80.8,12.3,11.3
2026mifen,5517,105.1,11.1,10.6
2026mifen,5532,63.2,10,10
2026mifen,5603,101.1,9.6,10
2026mifen,5641,108.9,13.8,14
2026mifen,5660,108,11.8,12.3
2026mifen,6067,82,12.7,12.7
2026mifen,6071,50.9,9.9,9.5
2026mifen,6073,72.2,9.2,10
2026mifen,6190,72.3,13.4,13.4
2026mifen,6538,110.3,13.2,13.2
2026mifen,6548,113.8,14,14
2026mifen,7202,112,13.6,14.6
2026mifen,7598,112.2,11.5,11.5
2026mifen,7772,81.2,11.3,11.3
2026mifen,8193,107.1,10.8,10.2
2026mifen,8385,68.5,7.9,8.8
2026mifen,9207,82.5,9.3,9.3
2026mifen,9237,93.7,9.5,9.3
2026mifen,9455,104.8,10,10
2026mifen,9757,114.1,19.2,19.1
2026mifen,9759,66.4,11.2,11.2
2026mifen,9776,53.1,9.2,8.5
2026mifen,10667,71.5,14.3,13.8
2026mifen,10690,114,17.9,18.4
2026mifen,10978,76.1,10.4,10.3
2026mifli,68,112.2,14.6,14.4
2026mifli,70,113.4,12.6,13
2026mifli,314,64.4,11.7,11.7
2026mifli,494,111.7,12.6,12
2026mifli,894,104.6,11,11.1
2026mifli,1322,114.2,8.5,8.5
2026mifli,1684,109.1,15.8,15.8
2026mifli,2337,113.5,19.5,19.9
2026mifli,4998,110.4,10,10
2026mifli,5046,114.5,13.7,13.7
2026mifli,5150,113,11.5,11.5
2026mifli,5167,113.9,9.4,8.7
2026mifli,5214,86.7,11.5,11.8
2026mifli,5235,77.9,11.9,11.9
2026mifli,5282,76.2,12.7,11.1
2026mifli,5517,89.5,10.8,10.5
2026mifli,5527,107.3,11,11
2026mifli,5561,104.2,9,9.1
2026mifli,5612,110.1,18.9,19.1
2026mifli,5660,107.4,11.6,12
2026mifli,5697,78.9,9.8,9.8
2026mifli,6085,108.8,9.3,9.3
2026mifli,6610,65.1,12,11.6
2026mifli,7597,60.9,8.6,8.5
2026mifli,7772,83.5,11.2,11.2
2026mifli,7784,103.9,14.1,14.2
2026mifli,8193,95.5,10.4,10.8
2026mifli,8385,60.6,7.9,8.5
2026mifli,8767,88.4,12.9,15.3
2026mifli,9207,71.9,9,9.1
2026mifli,9242,70.6,10.9,10.6
2026mifli,9648,62.3,10.3,10.1
2026mifli,9697,61.6,12.6,11
2026mifli,9757,113.7,19,19
2026mifli,10547,70.1,9.9,10.3
2026mifli,10587,71.5,11.3,11.9
2026mifli,10659,62.7,9.7,9.3
2026mifli,10665,66.4,11.2,11.6
2026mifli,10667,71,7.9,6.9
2026mifli,11458,65.2,10.8,11.3
2026mifli,11527,77.6,9.7,9.7
2026miken,858,110.2,13.2,13
2026miken,904,107.2,12.3,12.3
2026miken,1023,113.8,11.1,11
2026miken,2075,114.8,11.8,12.3
2026miken,2771,114.7,9.5,9.5
2026miken,3234,111.9,11.3,11.5
2026miken,3620,114.5,17.1,17.1
2026miken,3875,108,11.6,12.6
2026miken,4325,97,9.4,9.3
2026miken,4967,114.4,18.2,18
2026miken,5166,113.6,18.7,18.4
2026miken,5256,79.7,10,9.3
2026miken,5980,108.6,15.5,15.5
2026miken,6081,114.8,13.6,13.6
2026miken,7220,103.8,12.4,12.4
2026miken,7221,58.1,7.1,7.1
2026miken,7256,61,11.3,11.3
2026miken,7289,70.1,8.3,7.7
2026miken,7656,113.9,14.1,14.2
2026miken,7658,63,11.7,11.7
2026miken,7808,89.2,7.6,7.3
2026miken,7809,93.2,20.9,20.9
2026miken,7818,105,9,9
2026miken,8285,91.9,9.2,9.4
2026miken,8423,78.2,9.3,9.4
2026miken,8767,84.7,13,15.3
2026miken,9206,74.1,14.4,14.3
2026miken,9208,111.3,11.2,11.2
2026miken,9549,90.3,11.4,10.3
2026miken,9566,80,11.5,9.8
2026miken,9638,73.9,8.9,8.9
2026miken,9671,61.6,12.5,12.5
2026miken,9685,77.4,8,8.2
2026miken,9756,69,10.4,11
2026miken,10181,89.9,9.6,9.3
2026miken,10633,103.3,18.3,18.3
2026miken,10642,77.6,10.3,9.9
2026miken,10664,68.2,11.1,11.4
2026miken,11399,83,12.8,12.5
2026milac,141,98.3,11.5,11.5
2026milac,226,113.6,13,13.2
2026milac,1684,107.5,15.9,15.9
2026milac,2054,112.7,13.5,13.5
2026milac,2586,110.6,14.5,13.2
2026milac,3536,111.2,12,11.9
2026milac,3537,65.1,9.2,9.7
2026milac,3603,114.8,10.6,10.6
2026milac,4776,111.2,15.6,15.6
2026milac,4956,104.8,13.4,13.4
2026milac,4983,108.9,12,12
2026milac,5534,110.8,13.5,13.2
2026milac,5547,75.6,10.7,10.7
2026milac,5560,76.4,11.6,11.6
2026milac,6087,84.7,8.7,8.6
2026milac,6114,102.8,13.1,13.1
2026milac,6121,114.3,11.5,11.4
2026milac,6963,61.3,10.5,10.5
2026milac,7155,107.2,13.4,13
2026milac,7202,114.2,12.8,13.9
2026milac,7250,112.5,15,15
2026milac,7768,112.3,13,13
2026milac,7790,115,10.1,9.8
2026milac,7794,62.8,11,11
2026milac,7855,76.1,16.4,16.6
2026milac,8041,112.2,11.8,11.8
2026milac,9106,69,11,12.7
2026milac,9541,62.2,8,8.3
2026milac,9568,65.5,12.6,11.9
2026milac,9650,66.9,14,14
2026milac,10421,69.6,10.6,10.5
2026milac,11435,81.6,7.9,7.2
2026milac,11437,63.1,12.7,12.7
2026milac,11440,62.7,9.4,10.4
2026milak,245,109,12.9,12.9
2026milak,858,110.1,13.1,13
2026milak,1188,107.5,13.1,12.7
2026milak,2767,110.3,15.9,15.9
2026milak,2959,108.2,10,10
2026milak,3658,103.8,12.1,12.1
2026milak,3875,86.7,11.5,11.5
2026milak,4237,108.5,11.8,11.8
2026milak,4327,107,18.7,18.7
2026milak,4453,103.9,14.2,14.2
2026milak,5152,96,7.2,7.4
2026milak,5248,75.1,11.4,11.4
2026milak,5559,100.2,11.7,11.5
2026milak,5610,112,9.5,9.8
2026milak,5623,96.3,12.6,13.2
2026milak,5675,113.5,12.8,12.8
2026milak,5676,106.3,10.4,10.4
2026milak,5980,111.5,15,15
2026milak,6002,100.4,13,13.2
2026milak,7226,112,11.8,11.6
2026milak,7256,61.2,10.5,10.5
2026milak,7658,63.1,11.8,11.8
2026milak,7911,64.1,6.7,6.5
2026milak,8041,112,10.9,10.8
2026milak,8126,114.6,14.6,14.8
2026milak,8397,86,12.5,12.5
2026milak,8608,113,12.3,12.3
2026milak,9203,111.8,10.1,10.1
2026milak,9215,95.4,10.8,10.6
2026milak,9239,53.9,13.1,12.1
2026milak,9566,83.8,11.9,11.9
2026milak,9638,80.7,9,9
2026milak,9672,54.2,9.6,9.3
2026milak,9703,60.9,10.8,10.9
2026milak,10473,97.9,11.4,11.4
2026milak,10651,70.1,9.8,10
2026milak,11386,80.4,10.6,11.1
2026milak,11407,62.3,9.7,9.5
2026miliv,27,113.4,14.9,15
2026miliv,123,104.6,13.6,13.5
2026miliv,830,85.3,9.8,9.7
2026miliv,1189,105.9,14.2,14.4
2026miliv,1250,113.6,17.1,16.8
2026miliv,1481,113.4,11.6,11.7
2026miliv,2604,60.6,11.5,10.7
2026miliv,2832,109.4,12.5,12.4
2026miliv,3414,112.8,12.2,12
2026miliv,3538,114.5,14.8,14.6
2026miliv,4405,98.1,16.7,16.5
2026miliv,4768,70.7,13.1,13.1
2026miliv,5050,101,13,13.2
2026miliv,5467,62.2,10.9,10.9
2026miliv,5533,114.9,14.7,14.8
2026miliv,5559,108.7,11.8,11.5
2026miliv,5843,113.4,12.2,12.2
2026miliv,5907,114.6,14.6,15.5
2026miliv,6099,103.1,12.5,12.5
2026miliv,6152,98.7,11.9,12.4
2026miliv,6861,114.4,10.9,10.6
2026miliv,6914,110.1,18,18
2026miliv,7145,50.8,13.7,13.7
2026miliv,7147,61,12.1,12.1
2026miliv,7174,107.8,11.3,10.7
2026miliv,7553,104.5,11.7,11.7
2026miliv,8115,107.9,10.7,11
2026miliv,8297,54.5,11.5,11.2
2026miliv,8426,103.2,12.9,12.9
2026miliv,8427,67.7,10.5,10.7
2026miliv,8623,40.4,12.7,12.7
2026miliv,9205,59.2,9.6,9.8
2026miliv,9572,107.4,18,18.3
2026miliv,9735,62.5,9.7,9.1
2026miliv,9751,107.9,18.1,18.1
2026miliv,10590,64.4,9.9,11.1
2026miliv,10659,64.8,9.8,9.5
2026miliv,10664,68.1,10.9,11.2
2026miliv,10672,70.8,9.6,9.5
2026miliv,11361,38.6,12.8,12.7
2026miliv,11455,62.6,11,11.9
2026milsu,857,104.2,9.7,10.2
2026milsu,1596,114.9,12.5,12.6
2026milsu,3452,107,12.6,11.8
2026milsu,3536,107.9,12,11.7
2026milsu,4375,91.6,10.6,10.9
2026milsu,4377,114.8,12,12
2026milsu,4392,111.5,12.6,12.2
2026milsu,4398,113.3,10.6,10.3
2026milsu,4779,109.2,14,14
2026milsu,4967,111.5,17.4,17.1
2026milsu,5213,66.4,10.6,10.6
2026milsu,5216,114.3,15.7,14.7
2026milsu,5314,114.5,12.5,11.6
2026milsu,5424,113.6,11.7,12.9
2026milsu,5486,83.9,9.5,9.7
2026milsu,5547,78.9,11,11
2026milsu,5706,55.2,9.1,9.1
2026milsu,5878,91.7,10.6,9.4
2026milsu,6077,92.4,13.7,13.7
2026milsu,6088,114.9,11.1,12
2026milsu,6098,89.1,13,13
2026milsu,6112,80.8,9.5,9.7
2026milsu,6113,78.6,12.9,14.2
2026milsu,6121,112.9,11.4,11.3
2026milsu,6558,62.8,10.9,10
2026milsu,6637,112.2,13,12.9
2026milsu,7713,63.3,8.5,8.6
2026milsu,7768,110.1,13,13
2026milsu,7814,82.5,12.2,12.1
2026milsu,8517,114.6,13.1,13
2026milsu,9249,70.2,11.8,11.8
2026milsu,9548,110.6,11.2,11.2
2026milsu,9674,112.3,12,11.8
2026milsu,9682,57.1,9.7,10.5
2026milsu,9722,48.2,10,10.4
2026milsu,9733,64.8,9.3,9.3
2026milsu,10589,114.9,9,9.1
2026milsu,10595,71,11.8,12.9
2026milsu,10605,70,9.4,9.6
2026milsu,10622,70.3,10.5,10.5
2026milsu,10666,111.4,12.1,12.3
2026mimar,33,114.3,13.4,13.9
2026mimar,51,108.8,14.2,14.4
2026mimar,453,36.6,13.2,14.1
2026mimar,818,104.7,10.3,10.4
2026mimar,894,104.4,11.4,11.1
2026mimar,1498,114.9,17.2,17.3
2026mimar,1506,100.8,10.8,10.9
2026mimar,1718,109.2,11.4,11.2
2026mimar,2851,110.9,17.1,17.2
2026mimar,3539,114.1,12.1,11.8
2026mimar,3667,112.4,12.9,13
2026mimar,4130,100.2,10.9,10.9
2026mimar,4779,109.4,14.1,14.1
2026mimar,4961,112.8,11.7,12.7
2026mimar,4994,79.7,12.4,12.4
2026mimar,5167,110.1,9.6,9.6
2026mimar,5214,86.2,11.5,11
2026mimar,5612,94.8,11.5,11.2
2026mimar,5843,112.5,12.3,12.3
2026mimar,5860,111.3,12.9,12.9
2026mimar,5926,89.2,12.6,13.5
2026mimar,6091,62.5,9.7,9.7
2026mimar,6120,109.2,20.4,20.4
2026mimar,6344,109.5,12.3,12.3
2026mimar,7211,114.2,14.2,14.2
2026mimar,7247,60.8,8.2,8.1
2026mimar,7597,60,8.8,8.5
2026mimar,7813,51.7,11.8,11.8
2026mimar,8280,114.7,13.6,10.9
2026mimar,8364,59.5,11.6,11.6
2026mimar,8728,90.9,12.9,12.9
2026mimar,9183,82.3,11.7,12.8
2026mimar,9245,107.7,13,12.9
2026mimar,9251,113.5,10.4,11.4
2026mimar,9252,74.4,9.9,10
2026mimar,9528,62.8,12.3,12.9
2026mimar,9558,84,9.7,9.7
2026mimar,9747,56.7,10,10.6
2026mimar,10349,109,13.5,14.3
2026mimar,11493,62.4,10.9,10.5
2026mimas,910,114.4,19.5,19.1
2026mimas,1504,52.1,16.2,15.5
2026mimas,1940,79.3,10.7,11.2
2026mimas,2137,110.4,10.2,10.2
2026mimas,3655,105.4,16.8,16.9
2026mimas,3707,99,12.9,13.3
2026mimas,4327,100.3,17.2,17.2
2026mimas,4776,107.8,15.8,15.8
2026mimas,5225,70.5,14.6,14.6
2026mimas,5674,113.4,18.4,19.5
2026mimas,5704,73.3,11.9,11.2
2026mimas,5712,113.7,17.3,17.3
2026mimas,5926,90,12.4,13.2
2026mimas,6078,112.1,13.5,13.4
2026mimas,6085,111.8,11,11
2026mimas,6591,98.9,9.3,10.2
2026mimas,7056,73,14.1,13.9
2026mimas,7166,102.7,18.2,18.1
2026mimas,7226,112.6,11.8,11.7
2026mimas,7289,70.4,8.2,7.6
2026mimas,7491,96,11.7,11.9
2026mimas,7818,107.5,11,10
2026mimas,8179,102.9,10.6,10.5
2026mimas,8362,58.3,9.9,9.8
2026mimas,8374,66.7,7.5,7.4
2026mimas,8424,104.1,15.2,14.6
2026mimas,8608,113.7,12.2,12.1
2026mimas,9203,98,10.2,10.2
2026mimas,9237,91.1,9.5,9.3
2026mimas,9238,73.2,13.7,13.4
2026mimas,9251,109.7,11.2,12.5
2026mimas,9255,108.1,11.5,10.9
2026mimas,9312,109.8,6.9,6.8
2026mimas,9753,59.3,7.8,8.2
2026mimas,10577,64.5,10.8,10.8
2026mimas,10606,84.1,10.7,10.7
2026mimas,10629,69.9,10,10.3
2026mimas,11444,61.5,10.9,10.1
2026mimas,11490,59.9,10,9.9
2026mimas,11503,67.8,9.4,9.6
2026mimid,201,108,11.4,11.4
2026mimid,1596,114.9,12.6,12.7
2026mimid,2619,106.9,11,12
2026mimid,3357,112.1,9.9,9.8
2026mimid,3425,72,8,7.9
2026mimid,3770,101.1,11.8,11.8
2026mimid,5166,114.2,19.9,19.6
2026mimid,5216,114.7,15.4,14.6
2026mimid,5229,114.8,10.2,8.8
2026mimid,5231,73.8,9.2,9
2026mimid,5424,112.1,11.8,13
2026mimid,5504,86.3,11.8,11.6
2026mimid,5509,108.6,12,11.3
2026mimid,5525,57.6,11.5,11.5
2026mimid,5533,114.9,14.7,14.6
2026mimid,5538,111.6,15,15
2026mimid,5561,110.3,9.1,9.3
2026mimid,5603,78.5,10.6,11.1
2026mimid,5712,113.4,17.4,17.4
2026mimid,6033,73.2,13.2,13.3
2026mimid,6067,81.3,12.5,12.5
2026mimid,6073,71.8,9.2,10
2026mimid,6533,101.5,14.4,14.4
2026mimid,6753,100.8,15.1,15.1
2026mimid,7784,96,14.3,14.3
2026mimid,8517,114.6,12.9,12.9
2026mimid,8873,110.7,12.7,12.4
2026mimid,9238,43.7,14.2,13.8
2026mimid,9648,62.1,9.9,9.8
2026mimid,9661,63.3,7.8,8.3
2026mimid,9662,103.6,12.7,13.3
2026mimid,9685,74.3,8,8.2
2026mimid,9731,59.9,10.3,10.3
2026mimid,9736,55.7,12.1,11
2026mimid,10547,70,9.9,10.3
2026mimid,10587,71,11.6,11.9
2026mimid,10629,70,9.9,10.1
2026mimid,11458,61.6,11,11.5
2026mimid,11527,62.4,10,10
2026mimil,67,115,15.3,15.2
2026mimil,308,100.3,12.2,12.2
2026mimil,314,62.4,11.6,11.7
2026mimil,548,91.5,13.4,13.5
2026mimil,830,91.6,9.8,9.7
2026mimil,1023,100.2,9.5,9.3
2026mimil,2137,107.3,10.1,10.1
2026mimil,2145,93.5,19.3,19.4
2026mimil,3302,88.2,10.6,9
2026mimil,3538,113,18.7,18.5
2026mimil,3707,109.5,12.9,13.5
2026mimil,4362,114.9,19.7,19.9
2026mimil,4384,106.7,12.7,12.5
2026mimil,4737,81.4,10.8,10.5
2026mimil,5053,109.8,12.2,12.2
2026mimil,5066,109.4,14.4,14.4
2026mimil,5067,71.8,11.4,11.1
2026mimil,5114,105.1,13.1,12.5
2026mimil,5674,109.8,11.6,11.6
2026mimil,5695,94,10.5,10.6
2026mimil,6078,112.3,13.4,13.1
2026mimil,6566,86.6,11.4,11.2
2026mimil,6610,63.7,12,11.7
2026mimil,6615,108.1,13.4,12.9
2026mimil,7178,109.7,11.8,11.8
2026mimil,7225,85.4,6,6
2026mimil,7491,94.6,11.8,11.9
2026mimil,7553,102.1,11.7,11.7
2026mimil,7660,112.1,11.4,11.4
2026mimil,7762,83.5,9.9,10.4
2026mimil,8423,66.8,9.3,9.4
2026mimil,8424,103.6,14.8,14.4
2026mimil,8426,94.3,13.2,13.2
2026mimil,10285,72.1,13,13
2026mimil,10612,72.3,7.7,7.7
2026mimil,10652,74.8,13.1,13.1
2026mimil,11457,65.9,9.4,8.5
2026mimil,11462,62,10.8,10.9
2026mimil,11473,62.3,10.1,10.1
2026mimil,11486,63,8.2,7.8
2026mimtp,573,96,12.5,12.6
2026mimtp,1711,108.7,13.1,13.1
2026mimtp,2337,113.8,20.5,20.8
2026mimtp,2405,94.5,14.5,14.3
2026mimtp,3655,114.5,16.9,16.9
2026mimtp,3688,107,10.5,10.8
2026mimtp,3767,113.4,11.8,11.9
2026mimtp,4381,107.9,16.8,16.6
2026mimtp,4422,113.7,15.8,15.7
2026mimtp,5084,92.8,13,13.1
2026mimtp,5110,102.2,9.9,10
2026mimtp,5162,70,9.3,9.3
2026mimtp,5231,74,9.4,9.2
2026mimtp,5234,59.7,9.1,9.5
2026mimtp,5235,89,9.3,9.7
2026mimtp,5436,109.4,12.1,12.8
2026mimtp,5697,66.6,10.1,10.1
2026mimtp,5982,113.6,12.8,12.8
2026mimtp,6033,72.2,13.6,13.6
2026mimtp,6071,50,9.9,9.5
2026mimtp,6100,83.4,14.6,14.6
2026mimtp,6533,97.6,14.4,14.4
2026mimtp,6642,112.1,14.4,14.4
2026mimtp,7109,58.4,9.4,9.4
2026mimtp,7166,110.9,18.3,18.1
2026mimtp,7195,114.5,12.1,12.1
2026mimtp,7210,65,13.1,13.1
2026mimtp,8286,96.3,13.1,13.1
2026mimtp,8873,108.6,12.6,12.3
2026mimtp,9568,64.9,12.8,12.2
2026mimtp,9594,77.8,10.9,11.1
2026mimtp,9650,67.4,14.2,13.3
2026mimtp,9661,62.8,8.2,8.7
2026mimtp,9662,99.4,12.8,13.4
2026mimtp,9673,105.6,12.1,12.1
2026mimtp,9755,73.6,12.2,12.2
2026mimtp,9773,64.6,10.7,10.6
2026mimtp,10613,63.2,9.4,9.1
2026mimtp,10614,62.5,9.3,9.5
2026mimtp,10978,73.3,10.4,10.4
2026mimus,85,113.7,12.1,12.3
2026mimus,107,110.5,8.6,8.7
2026mimus,2075,99.3,11.8,12.3
2026mimus,2405,99.6,15,14.9
2026mimus,2771,114,9.3,9.2
2026mimus,3458,90.1,17.6,16.9
2026mimus,3572,111.1,12.6,12.6
2026mimus,4004,105.3,21.3,21.3
2026mimus,4827,81,10.9,10.9
2026mimus,4956,110.5,13.5,13.5
2026mimus,4967,114.1,17.4,17.2
2026mimus,5470,64.5,14,14.1
2026mimus,5505,96.1,13.9,14.2
2026mimus,6005,84.2,11.8,11.8
2026mimus,6079,83.7,6.8,7
2026mimus,6090,115,10.2,9.2
2026mimus,6094,67.7,10.7,10.7
2026mimus,6128,84.9,12.9,12.9
2026mimus,6428,72.2,13.4,13.7
2026mimus,6877,109.8,8.4,8.2
2026mimus,7054,109,10.4,10.7
2026mimus,7160,114.9,14.1,14.1
2026mimus,7248,70.8,11.1,11.1
2026mimus,7810,63.4,13.8,13.6
2026mimus,8285,95.9,8.2,8.9
2026mimus,8612,113.8,12.6,11.9
2026mimus,9106,90.2,11.6,13.3
2026mimus,9541,64,8.1,8.2
2026mimus,9743,104.5,10.4,10.5
2026mimus,9754,69.5,10,9.9
2026mimus,9756,68.4,10.2,10.8
2026mimus,10607,82.1,10.4,10.4
2026mimus,10654,71.4,10.3,10.1
2026mimus,11503,92.9,9.4,9.6
2026mimus,11522,60.5,9.9,11.1
2026misal,1,114.2,10.4,10.7
2026misal,66,108.8,12.5,12.6
2026misal,67,114.9,15.1,15.1
2026misal,308,103.1,12.1,12.1
2026misal,453,36.6,7.9,8.8
2026misal,548,102.7,13.6,13.6
2026misal,815,103.3,9.1,9
2026misal,1076,103.6,12.2,11.1
2026misal,1506,98.7,10.8,10.9
2026misal,2620,113.5,13.2,13.2
2026misal,2834,112.7,13.8,13.9
2026misal,3322,114,14.1,14.1
2026misal,3568,105.3,12.9,12.7
2026misal,3604,114.8,11.8,12.4
2026misal,3632,77.9,13,13
2026misal,3773,108.7,11.6,11.7
2026misal,4395,76.9,13.2,13.2
2026misal,4838,93.8,12.2,12.8
2026misal,4994,72.5,12,12
2026misal,5066,111.5,14,14
2026misal,5090,107.3,16.9,16.9
2026misal,5460,106.9,19,19
2026misal,5567,98.7,10.2,10.5
2026misal,6057,71.8,9,9.1
2026misal,6101,112.9,11.5,11.5
2026misal,6532,55.1,11.4,11.4
2026misal,7147,63.4,11,11
2026misal,7178,111.7,11.1,11.1
2026misal,7660,112.8,13.3,13.3
2026misal,7692,63.3,9.9,9.8
2026misal,8297,54.7,11.5,11.1
2026misal,8899,62.7,11.4,11.4
2026misal,9148,66.9,11.9,12.2
2026misal,9226,88,9.7,8.8
2026misal,9242,84.4,10.9,10.8
2026misal,9727,62.2,10.6,10.6
2026misal,10590,63.9,10,11.2
2026misal,10656,105.3,13.3,13.3
2026misal,11455,62.6,10.7,11.6
2026mitr2,51,112.9,14.1,14.2
2026mitr2,217,114.7,10.3,10.3
2026mitr2,247,114.4,13.4,13.4
2026mitr2,503,106.5,13.9,13.9
2026mitr2,818,112.3,10.2,10.1
2026mitr2,1025,115,18.1,18.6
2026mitr2,1701,114.8,9,8.7
2026mitr2,2048,71,13.3,13.3
2026mitr2,2224,105.2,13.9,13.9
2026mitr2,2591,55.3,10.6,10.6
2026mitr2,2673,99.5,12.6,12.6
2026mitr2,2960,114.5,11.9,12.4
2026mitr2,3096,63,11,11
2026mitr2,3619,69.8,8.4,8.5
2026mitr2,3667,109.8,12.6,12.7
2026mitr2,4758,63.2,11.4,11.4
2026mitr2,4851,61.2,12,12
2026mitr2,5239,113.4,9.8,11.2
2026mitr2,5531,88.3,9.1,8.4
2026mitr2,5642,57.7,11,11
2026mitr2,5695,86.8,10.5,10.6
2026mitr2,5756,61.7,11.6,11.8
2026mitr2,5901,57.1,11.1,11.1
2026mitr2,6096,55.4,11.7,11.7
2026mitr2,6566,83.4,11.4,11.2
2026mitr2,6616,113.2,13.4,13.4
2026mitr2,7188,108.5,10.4,10.1
2026mitr2,7196,100.3,13.8,15.4
2026mitr2,7716,63,11.1,11.1
2026mitr2,8280,114.8,13.6,10.9
2026mitr2,8352,81.3,12.7,12.7
2026mitr2,9212,94.6,10,9.2
2026mitr2,9558,94.5,9.5,9.6
2026mitr2,9679,73.6,8.4,8.6
2026mitr2,9727,62.4,10.5,10.5
2026mitr2,10349,112.4,13.1,13.9
2026mitr2,10690,109,10.4,10.4
2026mitr2,11457,79.1,9.5,8.5
2026mitr2,11461,60.2,9.8,10.2
2026mitr2,11473,60.6,8.3,7.8
2026mitry,33,115,13.2,13.7
2026mitry,201,110.9,11.9,11.9
2026mitry,226,112.3,12.8,13.4
2026mitry,469,108.8,12.3,12.4
2026mitry,573,102.8,12.4,12.3
2026mitry,1498,114.1,17.1,17.2
2026mitry,2851,114.1,16.8,17.1
2026mitry,3175,111.1,14.7,16.4
2026mitry,3302,94.9,10.5,10.4
2026mitry,4362,114.4,20.6,20.5
2026mitry,4384,111.6,11.8,10.4
2026mitry,4768,70.2,13,13
2026mitry,4961,115,11.1,11.9
2026mitry,4998,99.5,11.2,11.2
2026mitry,5065,60.6,9.6,9.6
2026mitry,5197,28.5,13.6,13.6
2026mitry,5436,107.2,12,12
2026mitry,5467,62.5,10.8,10.8
2026mitry,5478,62.8,11.2,11.2
2026mitry,5527,109.8,11,11.2
2026mitry,5531,92.9,9.1,8.5
2026mitry,5860,112.2,11,11
2026mitry,7188,109.4,10.3,10
2026mitry,7716,63.3,11.2,11.2
2026mitry,7762,111.4,13.6,13.1
2026mitry,7769,112.8,12.4,12.3
2026mitry,7813,60.8,11.3,11.3
2026mitry,8115,92.9,10.6,10.9
2026mitry,8364,59.7,11.8,11.8
2026mitry,8728,91.9,12.6,12.6
2026mitry,9245,101.4,12.9,12.8
2026mitry,9252,74.4,9.9,10
2026mitry,9528,62.8,12.2,12.7
2026mitry,9618,52.9,10.5,10.7
2026mitry,9651,75.2,10.8,10.8
2026mitry,9679,73.1,8.4,8.6
2026mitry,9747,62.9,10,10.5
2026mitry,10612,77.1,8.2,7.4
2026mitry,10652,77.9,13.3,13.3
2026mitry,10665,72,11.5,12
2026mitry,11361,38.4,12.7,12.6
2026mitry,11486,59.9,8.1,7.8
2026mitry,11493,63.2,11,10.5
2026mitvc,904,67.3,12.5,12.5
2026mitvc,1711,108.2,13.2,13.1
2026mitvc,3537,65.7,10.1,10.7
2026mitvc,3602,103.3,10.7,10.8
2026mitvc,3618,102.3,9.7,9.6
2026mitvc,3688,107.6,10.7,11
2026mitvc,3767,114.8,12,12.1
2026mitvc,4398,113.1,10.6,10.3
2026mitvc,4835,96.8,14.4,15.4
2026mitvc,4983,111.1,11.9,11.9
2026mitvc,5086,98.2,13,13
2026mitvc,5110,96.9,9.8,9.9
2026mitvc,5183,93.9,10.9,10.7
2026mitvc,5193,114.3,13.5,14
2026mitvc,5247,79,10.4,10.4
2026mitvc,5504,81.5,11.6,11.5
2026mitvc,5509,110.2,12.4,12.4
2026mitvc,5534,111.1,13.5,13.5
2026mitvc,5560,106.2,12,12
2026mitvc,6087,87,8.4,8.4
2026mitvc,6122,91.6,12.4,12.4
2026mitvc,6569,113.1,9.1,9
2026mitvc,7155,108.6,13,12.7
2026mitvc,7598,114.9,10.9,10.9
2026mitvc,7782,106.6,13.8,13.8
2026mitvc,7790,113.4,9.9,10.2
2026mitvc,7808,87.3,9.3,10.2
2026mitvc,7855,64.6,16.2,16.8
2026mitvc,8611,106,14.7,14.7
2026mitvc,9176,59.9,10.6,10.9
2026mitvc,9542,61.5,10.2,10.2
2026mitvc,9759,63,11.3,11.4
2026mitvc,9771,110.5,10.3,10.5
2026mitvc,10181,92.9,8.6,7.1
2026mitvc,10613,63,9.4,9.7
2026mitvc,10614,62.8,8.9,9.2
2026mitvc,11440,63.3,10.2,10.2
2026mitvc,11466,62.2,11.2,11
2026miwmi,74,99.9,18,18
2026miwmi,85,114.7,11.9,12.2
2026miwmi,107,109.8,8.7,8.6
2026miwmi,141,105.5,11.4,10.6
2026miwmi,244,95.1,11.9,11.4
2026miwmi,288,100.1,11.7,11.2
2026miwmi,1918,104.7,13.5,13.5
2026miwmi,2054,113.9,13.5,13.5
2026miwmi,2619,111.8,11,12
2026miwmi,3357,111.6,9.7,9.7
2026miwmi,3425,71.9,7.7,7.5
2026miwmi,3458,86.7,17.5,16.8
2026miwmi,3539,112.4,12.2,11.3
2026miwmi,3572,110.7,12.4,12.4
2026miwmi,4003,102,13.5,13.8
2026miwmi,4680,110.8,12.5,12.5
2026miwmi,5256,84.8,9.3,8.8
2026miwmi,5470,64.5,13.1,13.3
2026miwmi,5610,101.2,9.5,9.9
2026miwmi,5623,107.1,11.5,12
2026miwmi,5927,85.1,10,10
2026miwmi,6090,115,11,11.2
2026miwmi,6094,69.6,10.6,10.9
2026miwmi,6114,104.9,12.9,12.9
2026miwmi,6128,85.1,12,12
2026miwmi,6428,71.2,13.1,13.3
2026miwmi,6753,102.9,15,15
2026miwmi,6877,111.7,7.8,7.8
2026miwmi,7054,114.4,10.1,11
2026miwmi,7195,110.1,7.9,7.8
2026miwmi,7210,75.8,12.3,12.3
2026miwmi,7248,75.6,11.8,11.8
2026miwmi,8397,91.3,12,12.8
2026miwmi,9206,56.7,14.4,14.3
2026miwmi,9542,61.8,10.3,10.3
2026miwmi,9671,61.7,12.2,12.2
2026miwmi,9721,77.8,9.1,9.5
2026miwmi,9754,65.5,9.9,10
2026miwmi,11491,62.9,10.7,10
2026miwmi,11522,60.8,9.8,11
2026mndu,2181,111.8,14.9,14.7
2026mndu,2501,106.9,10.4,11.3
2026mndu,2503,114.5,12.6,12
2026mndu,2526,109.5,10.8,10.9
2026mndu,2823,112.8,12.2,11.6
2026mndu,2846,83.2,15.1,14.4
2026mndu,2847,111.6,10,9.9
2026mndu,2861,96.6,14.2,15.6
2026mndu,3042,75.2,14,14
2026mndu,3082,99.9,11.9,12.8
2026mndu,3100,111.1,14.5,14.6
2026mndu,3130,111.5,11.8,11.5
2026mndu,3267,106.8,13.2,13.2
2026mndu,3294,86.3,12.7,12.7
2026mndu,3297,108.9,11.8,11.4
2026mndu,3630,69.1,16.8,15
2026mndu,3691,110.2,11.3,11.4
2026mndu,3883,109.8,9.6,9.5
2026mndu,3926,99.2,13.4,13.4
2026mndu,4009,96.4,14,14
2026mndu,4166,62.6,11.2,11
2026mndu,4511,91.6,9.9,9.1
2026mndu,4536,99.4,10.9,8.4
2026mndu,4624,107.5,15,15
2026mndu,4656,60.2,12.5,12.6
2026mndu,4674,92.8,10.1,10.9
2026mndu,4693,54.2,10.1,9.8
2026mndu,4741,87.3,10.7,11
2026mndu,4778,92.6,10.3,9.9
2026mndu,5348,111.8,9.9,10.5
2026mndu,5658,92.4,11.1,11.2
2026mndu,5690,107.4,14,14.2
2026mndu,6044,77.7,7.2,7.2
2026mndu,6147,102.4,14.2,13
2026mndu,6217,102.3,16,16
2026mndu,7797,98,9.2,9.3
2026mndu,7849,91.1,16.3,16.2
2026mndu,7864,79.2,10.8,10.6
2026mndu,8422,78.2,9.1,9.3
2026mndu,8516,88,10.1,9.9
2026mndu,10490,80.7,16.5,16.4
2026mndu,11223,71.5,15.2,15.3
2026mndu2,1622,89.3,13.7,14.1
2026mndu2,2052,104.4,13.7,13.7
2026mndu2,2129,105.7,15.2,14.8
2026mndu2,2169,95.1,19.1,19
2026mndu2,2177,93.1,11.2,11.4
2026mndu2,2227,109.4,10.7,10.9
2026mndu2,2239,83.1,17.6,17.6
2026mndu2,2472,100.1,11.9,11.7
2026mndu2,2491,115,13,13
2026mndu2,2500,83.4,14.6,13.9
2026mndu2,2502,113.2,11.3,11.4
2026mndu2,2512,91,10,10
2026mndu2,2574,68.2,9.8,9.8
2026mndu2,2855,101.7,8.9,10.4
2026mndu2,3008,87,10.7,11.6
2026mndu2,3054,62.2,11,12
2026mndu2,3102,113.1,12,12.2
2026mndu2,3212,59.8,11.9,11.9
2026mndu2,3298,55.2,10.7,11.5
2026mndu2,3610,93.1,15.2,14.3
2026mndu2,4181,111.8,11.7,11.7
2026mndu2,4226,108.4,7.2,8.2
2026mndu2,4230,105.6,13.2,13.2
2026mndu2,4623,96.2,14,13.9
2026mndu2,4687,113.3,8.4,9
2026mndu2,5232,112.3,15.7,16.3
2026mndu2,5253,99.5,9.6,10.1
2026mndu2,5275,62.7,10.5,10.6
2026mndu2,5278,86.2,9.1,9.1
2026mndu2,5720,53.8,11.8,11.6
2026mndu2,5913,110.7,9.3,9.4
2026mndu2,6045,113.8,10.4,10.2
2026mndu2,6047,58.4,10.9,10.1
2026mndu2,6132,90,11.4,13.6
2026mndu2,6758,101.4,11.9,11.5
2026mndu2,6907,111.3,14.6,14.5
2026mndu2,7041,83.5,10.2,10.2
2026mndu2,8122,80.5,9.8,9.9
2026mndu2,9532,54.3,6.9,6.5
2026mndu2,10474,59.7,9.5,9.3
2026mndu2,10711,113.2,12.3,10.9
2026mndu2,11292,52,11,11.7
2026mnmi,2177,86,11.1,11.3
2026mnmi,2181,114.2,14.9,14.7
2026mnmi,2239,83.7,17.7,17.7
2026mnmi,2450,96.2,10.9,10.7
2026mnmi,2470,104.4,12.2,13.8
2026mnmi,2480,69.3,10.1,10.1
2026mnmi,2491,110.2,13.5,13.3
2026mnmi,2508,109.8,11.7,12.5
2026mnmi,2509,101.2,9.8,10
2026mnmi,2530,113.7,13.9,14.1
2026mnmi,2531,105.7,11.1,11.5
2026mnmi,2667,100.6,14.9,14.7
2026mnmi,2823,113.7,12.1,11.5
2026mnmi,2846,88.7,15.1,14.4
2026mnmi,2855,94.7,9.3,10.8
2026mnmi,3038,105.8,12.8,12.8
2026mnmi,3082,114.8,13.6,14.6
2026mnmi,3297,109.4,11.8,11.4
2026mnmi,3407,93.6,9,10
2026mnmi,3454,89.3,11,10.6
2026mnmi,3745,57.8,11.3,12.1
2026mnmi,3871,87.9,10.8,10.5
2026mnmi,3880,112,10.7,10.7
2026mnmi,3926,104.8,13.2,13.2
2026mnmi,4009,102,14.2,14.2
2026mnmi,4174,100.4,14.4,14.8
2026mnmi,4207,91.3,8.6,9.4
2026mnmi,4215,74.7,12.7,12.5
2026mnmi,4225,67.5,10.4,10.4
2026mnmi,4229,94.7,11.3,11.1
2026mnmi,4230,101.1,13.6,13.6
2026mnmi,4239,95.8,15.5,15.1
2026mnmi,4277,49.3,11,11.2
2026mnmi,4536,103.2,9.9,9.8
2026mnmi,4539,103.4,17.1,17.1
2026mnmi,4663,85.8,10.4,10.4
2026mnmi,4664,97.3,10.6,10.7
2026mnmi,4778,102.2,10,9.9
2026mnmi,4859,113.5,15.2,15
2026mnmi,5143,59.5,13,12.6
2026mnmi,5278,91.6,9.1,9.1
2026mnmi,5690,109.3,13.7,14
2026mnmi,5929,79.3,11.8,11.3
2026mnmi,7019,106.5,12.3,12.5
2026mnmi,7068,98.6,8.2,8.1
2026mnmi,7235,82.8,10.4,10
2026mnmi,7530,102.2,14,14
2026mnmi,7849,109.9,16.6,16.9
2026mnmi,7850,108.5,8.8,8.8
2026mnmi,8234,81.4,12.5,12.5
2026mnmi,8422,80.2,9.1,9.3
2026mnmi2,876,110.9,9.6,9.7
2026mnmi2,1816,114.8,11.2,11.3
2026mnmi2,2470,113.7,12.1,13.8
2026mnmi2,2503,114,11.1,11.8
2026mnmi2,2509,114.1,9.9,10
2026mnmi2,2511,70,11,11.1
2026mnmi2,2512,89.1,10.2,10.2
2026mnmi2,2538,83.9,9.6,9.6
2026mnmi2,2883,109.6,11.5,11.6
2026mnmi2,2977,90.1,10.9,10.5
2026mnmi2,2987,114,13.5,12.7
2026mnmi2,3018,114.7,16.7,16.9
2026mnmi2,3023,104.4,16.1,15.1
2026mnmi2,3026,105.2,19.3,18.9
2026mnmi2,3276,114.9,8.2,12.4
2026mnmi2,3610,92,15.8,14.8
2026mnmi2,3740,69.4,12,13.8
2026mnmi2,3848,72.7,8.1,7.5
2026mnmi2,4182,92.1,10.3,10.3
2026mnmi2,4226,93.4,7.8,8.6
2026mnmi2,4238,108.2,11.7,11.6
2026mnmi2,4360,114.4,12.2,12.2
2026mnmi2,4480,93.8,15.7,15.7
2026mnmi2,4511,111.7,12.1,11.7
2026mnmi2,4607,114.6,12.1,12
2026mnmi2,4632,98.2,12.8,12.8
2026mnmi2,4687,114,8.8,9.5
2026mnmi2,4728,114.6,14.4,14.4
2026mnmi2,5232,113.8,15.8,16.5
2026mnmi2,5348,114.9,11.4,11.4
2026mnmi2,5541,88.2,15.8,14.7
2026mnmi2,5837,108.1,13.9,13.7
2026mnmi2,5913,113.6,9.1,9.3
2026mnmi2,6045,114.7,10.5,10.4
2026mnmi2,6175,99.8,12.4,12.4
2026mnmi2,6244,72.1,10.2,9.7
2026mnmi2,6628,80.7,9.9,10.1
2026mnmi2,6709,107.1,12.6,11.3
2026mnmi2,7028,114.8,11.8,11.8
2026mnmi2,7038,79.5,10.7,10.7
2026mnmi2,7048,107.2,13.9,13.9
2026mnmi2,7541,114.9,10.6,10.4
2026mnmi2,7578,102.5,12.2,12.2
2026mnmi2,7677,86,9.8,9.7
2026mnmi2,8188,101.1,12.5,12.6
2026mnmi2,8255,115,10.9,10.9
2026mnmi2,8372,59.9,8.8,8.6
2026mnmi2,8516,92.3,10.1,10
2026mnmi2,8821,80.4,12.4,12.4
2026mnmi2,8887,52.3,11.2,11.2
2026mnmi2,10173,78.4,11.5,10.7
2026mnum,2052,105.3,13.8,13.8
2026mnum,2129,113,15.1,14.8
2026mnum,2169,114.1,17.4,17.5
2026mnum,2175,87.7,13.1,12.4
2026mnum,2207,99,13.5,13.4
2026mnum,2225,90.4,11.1,11.5
2026mnum,2264,78.9,10.3,9.6
2026mnum,2472,100,12.5,12.3
2026mnum,2498,106.9,10.9,10.8
2026mnum,2500,90.3,14.7,14.1
2026mnum,2502,113.2,11.5,11.6
2026mnum,2513,68,13,12
2026mnum,2518,108.2,9.7,9.6
2026mnum,2526,107.2,10.9,11
2026mnum,2549,91.9,13.3,14
2026mnum,2574,76.4,10,10
2026mnum,2606,112.7,10.4,10.7
2026mnum,3042,84,14.6,14.1
2026mnum,3100,113.7,14.4,14.5
2026mnum,3130,113.7,11.8,11.4
2026mnum,3206,78.1,12.1,12
2026mnum,3291,81.7,20.8,20.8
2026mnum,3293,113.4,11.5,12.2
2026mnum,3630,104.9,14.2,12.2
2026mnum,3691,113.5,11.7,11.9
2026mnum,3751,90.6,10,9.5
2026mnum,3883,111.5,9.5,9.5
2026mnum,3891,84.8,14.1,14.1
2026mnum,4166,62.3,11,11
2026mnum,4198,108.7,13.4,13.3
2026mnum,4655,114.1,11.3,11.3
2026mnum,4693,56.7,10.1,10
2026mnum,5271,74.5,11.9,11.7
2026mnum,5434,99.2,11.5,11.7
2026mnum,5464,112.6,13.9,13.9
2026mnum,5996,97.5,9.8,9.8
2026mnum,6147,112.3,14.3,13
2026mnum,6217,103.9,17.5,17.6
2026mnum,6909,92.1,8,8
2026mnum,7273,102,16.2,16.5
2026mnum,8234,87.2,12.6,12.5
2026mnum,8787,58.6,11.1,11.1
2026mnum,8878,92.1,11.4,9.5
2026mnum,9157,83.9,8.1,7.9
2026mnum,10479,114.8,14,13.9
2026mnum,10490,94,16.4,16.2
2026mnum,10950,76.1,9.9,8.9
2026mnwi,111,113.9,18.4,18.6
2026mnwi,112,113.9,16.6,16.4
2026mnwi,167,114.7,15.9,15.7
2026mnwi,525,113.5,11.2,10.5
2026mnwi,695,112.7,10.5,10.4
2026mnwi,967,106.1,10.5,9.5
2026mnwi,2220,112.7,14.3,14.3
2026mnwi,2290,114.8,9,9.3
2026mnwi,2358,112.8,16.3,16.3
2026mnwi,2508,101.5,11.6,12.5
2026mnwi,2530,109.3,13.2,13.5
2026mnwi,2531,93.4,10.8,11.3
2026mnwi,2549,82.7,13.1,12.7
2026mnwi,2667,98.5,14.9,14.8
2026mnwi,2977,97,10.8,10.4
2026mnwi,2987,113.5,12.8,12
2026mnwi,3055,74.7,10.7,12
2026mnwi,3061,103.7,18.5,18.3
2026mnwi,3090,82.7,12.1,12.2
2026mnwi,3206,79.5,11.7,11.7
2026mnwi,3284,102.3,18.8,18.6
2026mnwi,3928,112.3,9.4,9.3
2026mnwi,4065,106.8,9.1,9.4
2026mnwi,4143,113.5,16.4,16.5
2026mnwi,4174,94.9,14.1,14.4
2026mnwi,4646,107.9,18.8,17.8
2026mnwi,4663,80.8,10.1,10.1
2026mnwi,4859,114.7,15.4,15.2
2026mnwi,5339,53.6,10.3,10.4
2026mnwi,5541,85.2,15.9,15.9
2026mnwi,5576,96.2,12.4,12.4
2026mnwi,5822,100,12.8,12.9
2026mnwi,5847,109.9,11.9,12
2026mnwi,5914,96.4,13.5,11.1
2026mnwi,6419,101.6,13.2,13.3
2026mnwi,6420,106.6,14.1,14.1
2026mnwi,7531,111.6,9.8,9.7
2026mnwi,7850,109.7,8.4,8.5
2026mnwi,7858,100.5,15.3,16.3
2026mnwi,9082,112.8,10.9,10.9
2026mnwi,11246,58.7,11,10.8
2026mokc,1108,102.8,14.8,15.2
2026mokc,1208,103.5,15.4,15.4
2026mokc,1710,113.9,13.7,13.3
2026mokc,1723,93.7,7.9,9.3
2026mokc,1730,115.1,11.4,11.1
2026mokc,1764,114.5,15.8,15.8
2026mokc,1785,105.9,11.6,11
2026mokc,1802,105.1,14.6,15.7
2026mokc,1806,111.2,17.1,17.3
2026mokc,1825,108.2,16.6,16.6
2026mokc,1827,89.7,12.3,12.3
2026mokc,1939,114.5,8.5,9.6
2026mokc,1987,115.2,18.6,18.6
2026mokc,1997,110.2,11,11.4
2026mokc,2001,78.5,11.8,13.5
2026mokc,2040,113.5,14.1,14.2
2026mokc,2333,64.5,11.9,11.9
2026mokc,2410,113.4,12.6,12.6
2026mokc,2560,104.1,13.6,13.7
2026mokc,3184,110.9,15.3,15.4
2026mokc,4213,112,13.4,13.3
2026mokc,4329,96.2,8.2,17.6
2026mokc,4455,109.9,12.7,12.8
2026mokc,4522,112.5,18.5,18.8
2026mokc,4766,112.3,17.5,17.3
2026mokc,5098,91.2,15.8,15.8
2026mokc,5268,80.4,10.6,11.3
2026mokc,5801,97.3,10.9,10.5
2026mokc,5809,111.9,14.7,14.4
2026mokc,5968,112,12.6,12.8
2026mokc,6817,86.4,13.7,13.3
2026mokc,7064,99.9,13.9,13.5
2026mokc,8112,74,11,11
2026mokc,8770,94.8,10.7,10.7
2026mokc,9031,87.9,9.7,9.8
2026mokc,9428,73.8,13.1,14.4
2026mokc,9445,103.7,12.5,12.5
2026mokc,9570,83.8,10.3,10.5
2026mokc,11171,59.1,10.3,10.5
2026mokc,11195,115.4,16.5,16.5
2026mose,757,104.8,12.1,12.5
2026mose,935,110.7,10.1,10.3
2026mose,937,109.5,8.9,8.9
2026mose,1625,114.9,14.3,14.3
2026mose,1763,95.6,11.1,11.1
2026mose,1769,85.3,11.9,14.3
2026mose,1810,115.1,15.2,15.2
2026mose,1827,83.4,12.3,12.3
2026mose,1847,106.7,13.1,13.1
2026mose,1986,110.4,10.7,10.8
2026mose,1987,115.4,18.1,17.9
2026mose,1994,78,13.2,13.2
2026mose,2220,112.2,14,14
2026mose,2357,112.7,14.4,14.6
2026mose,2457,107,11.2,11.4
2026mose,2704,111.4,13.8,14.2
2026mose,4455,108.4,12.6,12.8
2026mose,4624,113.7,14.8,14.8
2026mose,4959,100.8,14.3,14.3
2026mose,5013,114.4,12.7,12.8
2026mose,5041,112.4,12.1,12
2026mose,5098,91.4,15.5,15.5
2026mose,5126,108,10.1,10.2
2026mose,6017,113.2,9.5,9.4
2026mose,6843,104.2,14.2,14.4
2026mose,7064,104.9,13.7,13.3
2026mose,7102,114.2,9.5,9.9
2026mose,7483,106.2,17.1,16.8
2026mose,8112,71.7,9.9,9.9
2026mose,8740,111.8,11.2,11.1
2026mose,8825,110.1,11.2,9.9
2026mose,8880,108.9,9.2,9.1
2026mose,9316,111.7,13.6,13.6
2026mose,9410,113,13.5,13.5
2026mose,9626,103,12.4,12.4
2026mose,10225,86.9,15.1,15.4
2026mose,10333,103.8,9.8,9.7
2026mose,10435,114.4,9.3,9.9
2026mose,10453,109.3,13.2,13.4
2026mose,11171,59.2,10.1,10.2
2026mosl,931,112.3,10.2,10.2
2026mosl,1178,66.6,10.5,10.5
2026mosl,1208,111.5,15.3,15.3
2026mosl,1288,87.4,11.6,11
2026mosl,1329,111.3,11.5,11.1
2026mosl,1706,113.7,11.5,11.4
2026mosl,1785,102.4,11.6,10.9
2026mosl,1982,112.5,9.6,9.7
2026mosl,2408,63.6,11.4,11.4
2026mosl,2978,65.7,9.3,10.1
2026mosl,3200,114.3,11.1,11.1
2026mosl,3397,95.3,13.7,12.8
2026mosl,3792,96.5,11.5,11
2026mosl,3931,112.3,16,15.2
2026mosl,4256,114.6,13,13.1
2026mosl,4314,77.8,11,11.4
2026mosl,4329,93.1,8.1,8
2026mosl,4330,101.9,10.2,11.3
2026mosl,4500,108.5,12.2,11.9
2026mosl,4931,85.3,14.5,15.7
2026mosl,5002,104.6,12.9,13.1
2026mosl,5060,80,12.3,12.1
2026mosl,5176,113.8,12.9,12.9
2026mosl,5583,87.3,11.2,11.1
2026mosl,5823,99.1,11.8,11.8
2026mosl,6391,115,13,13
2026mosl,6744,105.9,9.5,9.7
2026mosl,6817,87.8,10.9,10.9
2026mosl,7452,79.5,12.1,11.9
2026mosl,7472,93.9,12.3,12.3
2026mosl,7496,112.2,11.3,11.6
2026mosl,8069,114.8,11.9,12.3
2026mosl,8077,106.1,14.3,14
2026mosl,8719,114.6,13.1,13.7
2026mosl,9031,77.2,9.7,9.5
2026mosl,9401,101.3,12.8,12.7
2026mosl,9428,82.4,12.5,13.7
2026mosl,10317,82.2,9.5,9.2
2026mosl,10322,75.2,9.6,8.9
2026mosl,11195,106.2,16.2,16.2
2026mrcmp,11,112.9,14.9,14.6
2026mrcmp,25,113.6,11.2,10.7
2026mrcmp,41,113.9,11.1,11.3
2026mrcmp,56,114.8,11.4,13.2
2026mrcmp,75,107.8,10.4,11
2026mrcmp,103,112.8,10.3,10.8
2026mrcmp,193,113.8,11.5,11.5
2026mrcmp,222,111.9,13.4,13.4
2026mrcmp,223,114.9,9.1,9.4
2026mrcmp,272,111,10.6,11.6
2026mrcmp,293,112.8,16,15.9
2026mrcmp,303,114.9,14.9,15
2026mrcmp,316,112.2,12.7,12.8
2026mrcmp,341,114.9,12.2,12.2
2026mrcmp,365,106.1,9.7,9.7
2026mrcmp,423,113.4,12.8,12.4
2026mrcmp,427,97.5,12.4,12.1
2026mrcmp,433,107,11.1,10.6
2026mrcmp,484,99.5,15.1,15.1
2026mrcmp,486,100.2,12.6,12.7
2026mrcmp,708,112.1,13.9,13.9
2026mrcmp,1089,114.7,13.9,15.1
2026mrcmp,1168,103.9,10.3,10.1
2026mrcmp,1218,108.5,15,14.3
2026mrcmp,1391,104.1,14,13.7
2026mrcmp,1403,115,10.7,10.7
2026mrcmp,1640,111.5,15.8,15.8
2026mrcmp,1672,98.9,11.1,9.9
2026mrcmp,1676,113.1,11.4,11
2026mrcmp,1712,115,11.3,10.1
2026mrcmp,1807,106.8,12.3,11.9
2026mrcmp,1923,114.9,12.2,12.4
2026mrcmp,2016,96.5,13.9,12.9
2026mrcmp,2539,114.2,13.4,12.7
2026mrcmp,2554,106.5,9.1,9.7
2026mrcmp,2590,114.6,18.7,18.9
2026mrcmp,2607,115,13.5,13.2
2026mrcmp,3314,113.8,12.7,12.7
2026mrcmp,3637,113.1,12,12
2026mrcmp,4285,115.7,12.1,12.1
2026mrcmp,4575,114,17.4,16.9
2026mrcmp,5113,112.1,12.9,11.7
2026mrcmp,5181,115,12,12.1
2026mrcmp,5401,108.4,11.6,11.6
2026mrcmp,5438,99.7,10.5,11.3
2026mrcmp,5895,114.5,19.3,20.1
2026mrcmp,6921,114.8,15.5,16.3
2026mrcmp,7045,104.4,12.6,12.5
2026mrcmp,7110,65.4,12.3,12.5
2026mrcmp,7587,97.5,14.9,14.6
2026mrcmp,8075,102.2,12.6,12.6
2026mrcmp,8117,109.7,10.2,10.2
2026mrcmp,8513,114.6,10.9,11.1
2026mrcmp,8706,110.3,10.2,10.3
2026mrcmp,9015,114.5,18.2,18.7
2026mrcmp,9027,67.8,9.1,9.1
2026mrcmp,9094,114.8,13.3,13.8
2026mrcmp,9416,67.7,12,12
2026mrcmp,10070,84.9,11.3,11.5
2026mrcmp,10157,106.4,11.7,11.8
2026mrcmp,10584,98.5,11.5,10.9
2026mrcmp,10918,106.7,11.6,11.6
2026mrcmp,10949,106.2,12.6,12.6
2026mrcmp,10979,85.2,14.2,14.8
2026mrcmp,10993,114.4,12.5,12.5
2026mslr,364,111,14.7,11.9
2026mslr,456,113.6,13.8,14.3
2026mslr,538,108,8.8,8.8
2026mslr,590,61.9,6.3,6.7
2026mslr,1421,94,8.2,8
2026mslr,1912,113.5,13.2,13.3
2026mslr,1927,80.4,11.4,11.7
2026mslr,2183,114.4,10.2,10.7
2026mslr,2221,64.4,16.6,16.6
2026mslr,2556,110.1,12.4,12.4
2026mslr,2992,111.1,12.8,12.3
2026mslr,3039,96,11.4,11
2026mslr,3606,64.3,13.7,14.3
2026mslr,3616,105.4,14.4,13.1
2026mslr,3753,102.5,10.6,10.4
2026mslr,4087,100,10.9,11
2026mslr,4107,114.7,12.2,11.9
2026mslr,4336,109.9,11.4,11.5
2026mslr,4400,109.5,13,12
2026mslr,5045,87.2,8.7,8
2026mslr,5863,102.2,8.9,9.1
2026mslr,6184,84.6,12.9,12.7
2026mslr,6998,105.9,10.8,11.4
2026mslr,7094,112,11.3,11.5
2026mslr,7474,51.7,12,11.4
2026mslr,8044,113,9.1,9
2026mslr,8808,110.1,13.2,13.3
2026mslr,9153,112.9,9.9,9.8
2026mslr,9309,85.9,13.6,13.3
2026mslr,9405,96.9,15.1,15.6
2026mslr,9503,65.1,9.8,9.2
2026mslr,9717,94.5,11.2,11
2026mslr,9734,60.9,10.8,9
2026mslr,10101,108.1,10.5,10.6
2026mslr,10217,86,14.4,14.5
2026mslr,10309,64.1,9.9,10.1
2026mslr,10655,68.2,9.5,10.1
2026mslr,10661,108.1,13.9,13.4
2026mslr,10929,63.6,11.1,12
2026mslr,10943,72.6,11.2,10.5
2026mslr,10961,107.5,14.7,12
2026mslr,11107,60.9,8.1,8
2026mslr,11265,56.1,12.8,11.2
2026mslr,11287,62.4,11.5,12.5
2026mslr,11343,60.9,14.6,14.1
2026mslr,11345,70.1,10.1,9.6
2026mxmo,3354,113.5,11.5,11.5
2026mxmo,3472,115,11.5,12
2026mxmo,3478,113.5,13.5,13.5
2026mxmo,3480,115,14,13
2026mxmo,3522,106,14.5,13.5
2026mxmo,3794,115,14,13.5
2026mxmo,3933,110,10.5,11.5
2026mxmo,4010,113,15.5,15.5
2026mxmo,4371,77,18,18
2026mxmo,4584,91.5,9,8
2026mxmo,4635,112,14,13.5
2026mxmo,4723,82.5,11.5,10.5
2026mxmo,4775,101,11,10.5
2026mxmo,4782,82,7.5,7.5
2026mxmo,5133,83.5,13,12.5
2026mxmo,5887,95.5,9.5,9.5
2026mxmo,5932,59,8.5,8
2026mxmo,5959,97,10.5,11.5
2026mxmo,6017,113.5,9,9.5
2026mxmo,6106,69,8.5,8.5
2026mxmo,6170,99.5,12,13
2026mxmo,6200,72,18.5,18.5
2026mxmo,6348,108,10.5,10.5
2026mxmo,6606,67.5,15,757.5
2026mxmo,6652,111,11,11.5
2026mxmo,6676,78.5,9,9
2026mxmo,6702,114,13.5,14
2026mxmo,6832,62.5,10,11
2026mxmo,7102,113.5,10,10
2026mxmo,7421,113.5,13,13.5
2026mxmo,7546,93,12.5,10.5
2026mxmo,8740,114,12.5,12.5
2026mxmo,8741,61.5,11,10.5
2026mxmo,9053,75.5,13.5,13.5
2026mxmo,9060,65,13,13
2026mxmo,9213,77.5,8.5,8.5
2026mxmo,9280,99,13,13.5
2026mxmo,9282,106,15.5,14
2026mxmo,10225,80.5,15,15
2026mxmo,10529,72,7.5,7.5
2026mxmo,10565,85.5,11.5,11.5
2026mxmo,10931,77,13.5,13.5
2026mxmo,11065,86,9.5,9.5
2026ncash,1225,72.9,10.2,10.2
2026ncash,1533,115,13,12.8
2026ncash,2682,111,12.3,11.7
2026ncash,2724,98,18.2,18.1
2026ncash,3196,99.7,12.8,12.8
2026ncash,3229,114.9,14.9,15.3
2026ncash,3680,69.4,13.4,13.4
2026ncash,4828,113.2,13.1,12.6
2026ncash,5518,82.1,7.2,8.4
2026ncash,5727,90.7,19,17
2026ncash,6639,98.6,18,18
2026ncash,6888,93.6,9.4,9.4
2026ncash,6908,84.6,10.4,10.5
2026ncash,6932,93.6,15.7,16
2026ncash,7763,107.2,10.9,11.2
2026ncash,7890,100.7,10.3,11.1
2026ncash,7918,112.9,12,11.7
2026ncash,8727,113.9,18.2,18
2026ncash,9150,111.1,12.2,11.5
2026ncash,9298,82.7,12,11.8
2026ncash,9605,64.9,13.1,13.2
2026ncash,9607,112,14.2,14
2026ncash,9762,63.7,10.4,9.8
2026ncash,10077,67.9,6.6,6.6
2026ncash,10107,60.1,9.1,8.1
2026ncash,10304,76.6,11,11
2026ncash,10583,90.4,10.6,9.7
2026ncash,10704,64,11,9.8
2026ncash,11377,63.2,10.5,10.7
2026ncash,11417,65.8,10,8.6
2026nccab,900,107.3,10.9,10.7
2026nccab,1225,70.9,10.2,10.2
2026nccab,2640,96.9,17.5,18
2026nccab,2724,94.6,18.1,17.9
2026nccab,3196,97.4,12.9,12.7
2026nccab,3506,113.2,15.2,14.9
2026nccab,3680,74.1,11.9,11.9
2026nccab,4534,108.7,10.9,10.3
2026nccab,4935,81.5,14,14
2026nccab,5511,84.7,11.4,12.1
2026nccab,5727,87.1,18.7,16.9
2026nccab,6500,109.3,11.6,12
2026nccab,6894,110,11,11
2026nccab,6932,92.6,16,15.8
2026nccab,8727,115,18.1,18
2026nccab,8746,94.6,12.6,12.3
2026nccab,8757,73.7,12.8,13.4
2026nccab,9005,80,10.3,10.4
2026nccab,9150,114.4,11.8,11.9
2026nccab,9198,67.7,9.7,9.7
2026nccab,9298,82,12.3,12.2
2026nccab,9605,63.6,12.9,13
2026nccab,9762,62.3,10.3,9.9
2026nccab,10107,58.9,9,9
2026nccab,10248,70,11.5,11.5
2026nccab,10412,63.2,9.8,9.8
2026nccab,10704,63.1,11,11
2026nccab,11377,63.2,10.4,10.6
2026nccmp,1225,79.9,10,10
2026nccmp,1533,110.1,17.9,17.5
2026nccmp,2059,102.3,11.7,10.6
2026nccmp,2640,105.5,18.1,18.2
2026nccmp,2682,101.7,13,12.5
2026nccmp,2724,113.2,18.3,18.2
2026nccmp,3196,97,12.9,12.6
2026nccmp,3229,113.2,15.5,15.8
2026nccmp,3336,78.7,14.9,14.6
2026nccmp,3459,111.1,12.2,12.2
2026nccmp,3506,113.3,15.6,15.9
2026nccmp,4534,115,10.9,10.4
2026nccmp,4561,109.7,14,14.5
2026nccmp,4795,111.8,10.6,11.2
2026nccmp,4828,111.1,13.2,12.8
2026nccmp,4829,114.8,12.3,12
2026nccmp,4935,86.8,13.7,13.7
2026nccmp,5160,94.3,13.2,14
2026nccmp,5607,114.5,15.7,15.8
2026nccmp,6004,102,14.3,14.8
2026nccmp,6500,106.1,11.6,11.9
2026nccmp,6502,111.2,13.4,13
2026nccmp,6639,109.2,17.6,16.4
2026nccmp,6888,110.3,9.3,9.3
2026nccmp,6894,115,11.3,11.3
2026nccmp,7763,105.6,12,12.2
2026nccmp,7890,107.8,10.8,11
2026nccmp,7918,113.6,13.3,13.3
2026nccmp,8205,103.2,11,10.2
2026nccmp,8429,99.8,17.2,18.4
2026nccmp,8727,112.9,17.3,17.3
2026nccmp,8738,113.5,17.4,17.8
2026nccmp,8746,94.9,12.6,12.4
2026nccmp,8757,75.6,13.8,14.4
2026nccmp,9032,112.5,18,18.3
2026nccmp,9150,115,12.1,11.4
2026nccmp,9297,105.4,15.3,15.3
2026nccmp,9496,114.7,13.5,13.6
2026nccmp,9559,63.5,11.3,11.3
2026nccmp,9788,51.8,8.1,8.2
2026nccmp,10077,94.5,11.6,11.6
2026nccmp,10121,99.5,10.1,9.9
2026nccmp,10248,61.8,14.1,14.1
2026nccmp,10302,111.5,15.7,14
2026nccmp,11146,71.9,12.9,12.9
2026nccmp,11179,70,7.3,7.4
2026nccmp,11285,58.9,8.9,9.9
2026nccmp,11353,59.7,7.6,8.5
2026nccmp,11377,71.2,10.4,10.6
2026nccmp,11417,62.7,10.3,8.4
2026ncelo,587,109.9,12.8,12.7
2026ncelo,900,104.9,10.9,10.8
2026ncelo,1533,114.8,13.1,13
2026ncelo,2640,105.4,18.2,18.1
2026ncelo,3506,108.7,15.3,14.8
2026ncelo,3822,102.9,11.9,11.9
2026ncelo,4561,113.6,14.7,14.6
2026ncelo,4795,114.7,9.9,11.2
2026ncelo,4829,114,12.3,11.8
2026ncelo,4861,80.8,16.7,11
2026ncelo,4935,84.5,13.8,13.8
2026ncelo,5919,96,11.5,11.5
2026ncelo,6240,65,8.2,8.2
2026ncelo,6502,109.7,13.3,12.9
2026ncelo,6729,100.6,14.6,14.6
2026ncelo,7763,103.1,12.5,12.6
2026ncelo,7890,102.8,10.4,11.2
2026ncelo,7918,112.8,12.8,12.7
2026ncelo,8429,98.7,16.4,17.3
2026ncelo,8757,92.9,14,14.6
2026ncelo,9297,108.7,15.4,15.4
2026ncelo,9559,63.3,11.3,11.3
2026ncelo,9607,114.3,14.1,13.9
2026ncelo,10304,78.8,9.8,9.8
2026ncelo,10354,62.9,10.7,11
2026ncelo,10412,65.3,9.7,9.7
2026ncelo,11146,71.3,13.2,13.2
2026ncelo,11285,60.1,8.9,9.8
2026ncelo,11297,63.2,7,7
2026ncpem,435,74.6,10,10
2026ncpem,2059,98.7,11.6,10.5
2026ncpem,3336,73.3,14.3,13.9
2026ncpem,3459,111,9.2,9.2
2026ncpem,3822,101.2,11.9,11.8
2026ncpem,3893,99.9,10.4,10.3
2026ncpem,4534,110.5,11,10.4
2026ncpem,4816,81.7,13.3,13.8
2026ncpem,4829,114.8,12.2,11.9
2026ncpem,5190,102.3,14.5,14.5
2026ncpem,5607,111.8,15.7,15.8
2026ncpem,6004,96.4,12.9,13.1
2026ncpem,6242,57.3,10.5,10.5
2026ncpem,6639,100.1,17.7,17.7
2026ncpem,6729,105.8,14.7,14.7
2026ncpem,6894,113.2,11.2,11.2
2026ncpem,7443,79.7,13.5,13.7
2026ncpem,8205,83,11,10.3
2026ncpem,8758,86.4,11.2,11.2
2026ncpem,9005,81.5,10.1,10.4
2026ncpem,9032,109.9,17.5,17.9
2026ncpem,9042,58.2,12.8,12.8
2026ncpem,9198,65.6,9,9
2026ncpem,9296,64.8,10.7,10.5
2026ncpem,9297,107,15.2,15.2
2026ncpem,9496,111.9,12.6,12.6
2026ncpem,9788,62.6,8,8.2
2026ncpem,9789,61.6,12.5,12.7
2026ncpem,10260,73,11.6,11.6
2026ncpem,10583,98,10.7,9.8
2026ncpem,11146,71.7,12.8,12.8
2026ncpem,11297,63.3,8.1,7.3
2026ncpem,11417,63.9,9.7,8.3
2026ncwak,435,53.3,9.7,9.7
2026ncwak,587,102.9,13.4,13.3
2026ncwak,2059,98.9,11.2,10.8
2026ncwak,3229,114.3,14.2,14.2
2026ncwak,3336,68.4,16.6,15
2026ncwak,3459,105.1,12.2,12.2
2026ncwak,4561,114.6,14.5,14.4
2026ncwak,4795,114.1,9.9,11.4
2026ncwak,4816,88.2,13.7,13.7
2026ncwak,4828,112.2,13.5,13.1
2026ncwak,4861,68.9,16.5,10.7
2026ncwak,5160,91.7,13.2,14
2026ncwak,5919,91.1,11.8,11.8
2026ncwak,6240,64.6,8.9,8.9
2026ncwak,6502,110.1,13.2,14
2026ncwak,8429,97.2,16.4,17.2
2026ncwak,8738,111.8,18.1,17.3
2026ncwak,9042,56.7,12.2,12.2
2026ncwak,9559,63.4,11,11
2026ncwak,9788,62.6,8.1,8.2
2026ncwak,9789,62.1,12.7,12.9
2026ncwak,10072,53.2,10.5,9.6
2026ncwak,10121,93.2,9.9,11.2
2026ncwak,10302,92.6,14.5,14.5
2026ncwak,10354,62.7,10.9,11.1
2026ncwak,11161,62.2,10.7,10.7
2026ncwak,11179,62.3,7.3,7.5
2026ncwak,11285,63.5,10,10
2026ncwak,11353,62.4,8.4,8.4
2026ncwk2,2682,110.1,12.4,11.5
2026ncwk2,3893,93.9,10.4,10.2
2026ncwk2,5160,94.4,13.1,13.8
2026ncwk2,5190,102.4,11.4,11.4
2026ncwk2,5511,80.1,11.7,12.1
2026ncwk2,5518,85.9,8.3,8.3
2026ncwk2,5607,113.7,15.7,15.7
2026ncwk2,6004,93.4,12.9,13.1
2026ncwk2,6242,64.6,10.5,10.7
2026ncwk2,6500,108.9,11.6,11.9
2026ncwk2,6888,110.7,9.4,9.4
2026ncwk2,6908,84.2,10.4,10.7
2026ncwk2,7443,70.2,11.8,11.9
2026ncwk2,8205,81.6,10.9,10.2
2026ncwk2,8738,113.1,17.3,17.6
2026ncwk2,8746,91.9,12.6,12.3
2026ncwk2,8758,85.9,11.3,11.4
2026ncwk2,9032,111.5,17.4,17.9
2026ncwk2,9296,62.3,11.4,10.2
2026ncwk2,9496,112.5,12.5,12.5
2026ncwk2,10072,59.6,10.4,9.5
2026ncwk2,10077,68.1,10.4,12
2026ncwk2,10121,85.2,10,11.1
2026ncwk2,10248,62.7,13,14.1
2026ncwk2,10260,75.8,11.4,11.4
2026ncwk2,10302,109.6,15.2,13.8
2026ncwk2,11161,63.3,9.8,9.8
2026ncwk2,11179,68.9,7.3,7.5
2026ncwk2,11353,61.6,7.6,8.3
2026ndgf,876,114.1,9.7,9.6
2026ndgf,877,88.3,13.4,13.6
2026ndgf,1710,114.3,13.7,13
2026ndgf,2450,92.1,10.9,10.7
2026ndgf,2654,108.8,11.6,11.5
2026ndgf,2883,106.3,11.5,11.6
2026ndgf,3023,102.7,15.9,15
2026ndgf,3026,101.6,17.9,17.6
2026ndgf,3134,105.2,11.5,11.5
2026ndgf,3275,106.3,11.5,11.5
2026ndgf,3276,114.4,8.2,12.6
2026ndgf,3277,102.9,15,15
2026ndgf,3278,103.4,10.1,10.6
2026ndgf,3293,112.2,10.5,11.6
2026ndgf,3300,55.1,10.2,10.6
2026ndgf,3313,107.6,18.6,18.3
2026ndgf,4181,114,11.8,11.8
2026ndgf,4198,109.2,13.3,13
2026ndgf,4226,107.5,7.7,8.7
2026ndgf,4239,84.6,15.1,15.1
2026ndgf,4360,103.9,12.3,12.3
2026ndgf,4480,65.1,15.8,15.8
2026ndgf,4539,102.8,16.3,15.8
2026ndgf,4593,108.7,11.3,12.4
2026ndgf,4607,106.7,11.4,11.7
2026ndgf,5464,113.8,13.9,13.9
2026ndgf,5638,98.1,11,10.4
2026ndgf,5653,111.3,17.5,17.7
2026ndgf,5658,96.7,11.4,11.5
2026ndgf,5929,72.5,12.1,11.7
2026ndgf,6146,94.1,9.4,8.9
2026ndgf,6175,98,12.5,12.4
2026ndgf,6453,64.4,14.9,14.9
2026ndgf,6628,77.1,9.7,9.8
2026ndgf,6709,109,12.6,11.4
2026ndgf,6749,113.1,11.7,11.8
2026ndgf,7028,103,12.4,12.4
2026ndgf,7048,111.3,13.5,13.5
2026ndgf,7068,94.1,8.3,8.2
2026ndgf,7235,82.1,10.4,9.9
2026ndgf,7257,114.8,9.1,9.6
2026ndgf,7530,95.7,14.2,14.2
2026ndgf,7578,108.9,12.5,12.5
2026ndgf,7677,89.6,9.8,9.7
2026ndgf,8188,104.3,12.7,12.6
2026ndgf,8255,114.8,10.8,10.8
2026ndgf,8586,60,10,10.1
2026ndgf,8878,79.5,10.3,11.1
2026ndgf,9745,89.4,10.6,10.6
2026ndgf,10173,86.2,11.6,10.8
2026ndgf,11283,74.7,11.6,11.6
2026njfla,11,114.2,15,14.7
2026njfla,41,103.5,11.1,11.9
2026njfla,193,113.3,11.1,10.8
2026njfla,219,95.3,11.8,10.8
2026njfla,222,112.2,13.2,13.2
2026njfla,223,114.9,9.2,9.3
2026njfla,430,85.4,7.6,7.5
2026njfla,555,114.8,13.4,13
2026njfla,1626,105.6,9.8,9.6
2026njfla,1676,110.8,11.5,11
2026njfla,1811,91.8,10.3,10.3
2026njfla,3142,104.4,9.8,9.6
2026njfla,4652,68.8,9.6,9.9
2026njfla,4653,75.6,12.9,12.7
2026njfla,5624,65.2,14.7,14.7
2026njfla,5732,102.2,14.3,14.2
2026njfla,5992,114.8,13.8,13.1
2026njfla,6016,85.4,14.7,13.6
2026njfla,6860,63.4,12.8,12.8
2026njfla,6945,73.9,11.2,11.7
2026njfla,7045,101,14.4,14.4
2026njfla,8075,101.3,12.1,12.1
2026njfla,8117,101.7,10.7,10.6
2026njfla,8513,112.8,11.2,11.1
2026njfla,8706,109.7,9.8,10
2026njfla,8707,58.6,13.9,14
2026njfla,8771,99,11.1,10.7
2026njfla,9116,87.2,10.1,10.2
2026njfla,9424,58.9,8.9,8.6
2026njfla,10232,56.7,11.1,11.1
2026njfla,10366,85.1,12.5,12.2
2026njfla,10995,62.2,9.4,9.4
2026njfla,10997,84.5,11.7,11.7
2026njrob,25,113.2,11.2,10.8
2026njrob,56,114.6,11.2,13.1
2026njrob,87,111.7,15.7,15.7
2026njrob,204,86.1,12,11.8
2026njrob,293,110.3,15.8,15.9
2026njrob,303,109.8,15,15
2026njrob,486,99.3,12.6,12.8
2026njrob,752,89.2,15,15
2026njrob,1403,114.7,10.1,10.1
2026njrob,1647,98.3,10.1,9.8
2026njrob,1672,105.8,10,10
2026njrob,1923,115.1,12.5,12.7
2026njrob,2180,111.3,10.4,10.4
2026njrob,2191,80.7,13.2,13.3
2026njrob,2495,108.8,14.3,14.3
2026njrob,2590,113.6,17.8,18
2026njrob,3340,80,10.1,10.9
2026njrob,4573,66.8,10.4,10.2
2026njrob,4653,73.4,12.7,12.4
2026njrob,5113,114,12.9,11.8
2026njrob,5438,97.8,12.6,11.7
2026njrob,5624,69.2,13,14.8
2026njrob,5684,64.4,9.9,10.1
2026njrob,6897,94.9,9.5,9.4
2026njrob,7110,81,12.5,12.5
2026njrob,8075,107.5,12.3,12.3
2026njrob,8588,70.5,11.8,12
2026njrob,9015,115,17.7,18.3
2026njrob,9100,85,11.3,11.7
2026njski,25,113.8,10.8,11.2
2026njski,56,114.5,11.3,13
2026njski,75,113.3,10.2,10.8
2026njski,102,111.7,17,18
2026njski,293,115,15.7,15.6
2026njski,303,110.6,14.1,14.2
2026njski,428,60.2,10.7,10.5
2026njski,433,106.8,10.7,10.4
2026njski,484,98.1,14.9,14.9
2026njski,1279,114.7,10.9,10.7
2026njski,1403,114.9,10.5,10.5
2026njski,2191,101.5,12.8,12.9
2026njski,2458,107.6,10.9,10.9
2026njski,2495,108.9,14.1,14.1
2026njski,3314,108.1,11.6,11.6
2026njski,3340,80.5,10.6,11.1
2026njski,3637,111.7,11.6,11.6
2026njski,4361,113.6,15.2,13.8
2026njski,4573,76,10.3,10.5
2026njski,4750,96.3,8.2,8.9
2026njski,5407,85.6,13,12.9
2026njski,5438,99,9.5,10.9
2026njski,5895,113.5,19.2,20.1
2026njski,6860,64.3,12.8,12.8
2026njski,6897,92.7,9.3,9.4
2026njski,7045,102,12.4,12.4
2026njski,8130,65.6,10.3,10.2
2026njski,8588,79.2,9.7,10.3
2026njski,8714,105.2,8.9,9.2
2026njski,9424,60,8.3,7.9
2026njski,9439,57.4,8.8,8.3
2026njski,10232,56.9,10.1,10.1
2026njski,10366,87.1,14.3,14.1
2026njski,11104,90.2,11.4,12.4
2026njtab,103,114.4,9.9,10.3
2026njtab,190,111.7,16.5,16.6
2026njtab,365,102.5,9.5,9.6
2026njtab,834,94.3,9.9,9.5
2026njtab,1218,98.9,14.4,14
2026njtab,1257,106.6,14.7,14.3
2026njtab,1391,97.2,13.8,13.5
2026njtab,1640,100.6,15.5,15.6
2026njtab,1647,110.1,9.7,9.4
2026njtab,1712,112.9,11.5,10.4
2026njtab,1807,108.8,12.2,11.1
2026njtab,1923,114,12.7,12.2
2026njtab,2554,112.9,8.1,8.6
2026njtab,2720,108.7,11.5,11.5
2026njtab,2722,114.6,11,11
2026njtab,4342,104.4,10,10.1
2026njtab,4637,70,11.3,11
2026njtab,4652,65.8,9.9,10.2
2026njtab,5401,106,11.6,11.6
2026njtab,5732,108.6,11.9,11.9
2026njtab,5789,75.2,12.5,12.5
2026njtab,7414,100.6,9.9,9.2
2026njtab,7587,102.1,15,15
2026njtab,8130,62.9,10.2,10.7
2026njtab,8704,73.7,8.2,8.2
2026njtab,8714,102.8,8.7,9.1
2026njtab,8721,62.7,9.1,9.1
2026njtab,9094,114.8,13,13.4
2026njtab,9416,61.3,11.7,11.7
2026njtab,10157,109,11.7,11.6
2026njtab,10400,92.1,11.4,11.4
2026njtab,11104,49.1,11,12.5
2026njwas,11,102.4,9.2,9.8
2026njwas,41,113.8,10.2,10
2026njwas,193,107.5,10.8,10.1
2026njwas,219,87,12.3,11.3
2026njwas,222,108.5,13,13
2026njwas,223,106.5,8.9,9.1
2026njwas,316,113.2,12.3,12.5
2026njwas,430,66.2,7.4,7.1
2026njwas,555,114.5,17.9,17.7
2026njwas,752,60.8,8.9,8.9
2026njwas,1279,104.3,10.9,10.9
2026njwas,1672,94.8,9.8,9.8
2026njwas,1676,114.4,13.2,12.7
2026njwas,1811,95.7,10.4,10.7
2026njwas,3637,114.1,12,12
2026njwas,4285,108.3,11.5,11.5
2026njwas,4361,105.9,13.5,13.5
2026njwas,5895,114.5,19.1,19
2026njwas,5992,112.6,13.6,12.9
2026njwas,6016,80.9,14.5,13.5
2026njwas,6945,67.2,10.8,11.4
2026njwas,8117,98.5,11,11.1
2026njwas,8513,113.8,13,12.9
2026njwas,8706,92.5,9.9,10.2
2026njwas,8707,57.3,13.6,13.9
2026njwas,8771,95.6,10.8,10.4
2026njwas,9015,110.2,18.3,18.7
2026njwas,9116,92.3,10.3,10.3
2026njwas,10995,63.7,9.5,9.5
2026nvlv,60,106.3,11.4,11.3
2026nvlv,987,115,11.2,11.3
2026nvlv,988,91.2,10,9.6
2026nvlv,991,107.5,13.5,13.6
2026nvlv,1011,94.8,15.8,18
2026nvlv,1165,109.3,12,11.7
2026nvlv,1726,70.9,8.5,8.5
2026nvlv,2375,114.3,15.5,15.4
2026nvlv,2438,108.2,11.1,11.2
2026nvlv,3009,114.1,16,15.5
2026nvlv,3577,110.9,11.2,11.2
2026nvlv,3882,100.8,11,11.1
2026nvlv,3990,115,13.9,13
2026nvlv,4253,113.3,11.7,12.2
2026nvlv,4270,108.6,17,17
2026nvlv,4421,112.7,14.2,14.1
2026nvlv,5049,73.9,14,14
2026nvlv,5851,96.5,12,12.1
2026nvlv,6413,109.5,13.8,15.1
2026nvlv,6479,105.9,13.5,13.4
2026nvlv,6824,113.7,13.4,13.4
2026nvlv,7183,105.7,11.9,12.1
2026nvlv,7425,97.7,12.3,12.9
2026nvlv,7426,113.7,15.4,15.3
2026nvlv,7654,55.6,11.4,11.4
2026nvlv,8005,113.9,10.5,10
2026nvlv,8229,114.4,10.9,10.7
2026nvlv,8338,66.2,12.3,12.3
2026nvlv,8387,86,11.4,11.3
2026nvlv,8503,107.2,11.2,11.2
2026nvlv,8717,90,8.7,8.7
2026nvlv,9002,53.5,13.4,13.4
2026nvlv,9018,101.4,14.6,14.9
2026nvlv,9037,89,10.1,10.1
2026nvlv,9059,114.1,13.4,13.4
2026nvlv,9151,54.3,9.1,9.9
2026nvlv,9233,115,9.1,8.7
2026nvlv,9406,114.8,11.7,11.8
2026nvlv,9426,114.3,8.4,8.4
2026nvlv,9534,92.2,12,12.2
2026nvlv,10183,111.5,10.4,10.7
2026nvlv,10186,111.1,11.5,11.7
2026nvlv,10903,112.8,11.7,12.2
2026nvlv,10905,103.6,17.6,17.6
2026nvlv,11235,53.5,7.7,6.7
2026nyli2,28,100.1,8.2,8.1
2026nyli2,263,97.5,11.6,11.5
2026nyli2,287,112.7,11.2,11.5
2026nyli2,329,99.1,11,11.3
2026nyli2,353,114.3,11.6,10.7
2026nyli2,358,103.4,11.7,11.8
2026nyli2,496,88.2,13,13
2026nyli2,514,67,8,8.1
2026nyli2,527,84.8,10.2,11.8
2026nyli2,533,111.5,13.4,13.4
2026nyli2,545,71.1,9.6,9.6
2026nyli2,564,114,14.5,14.5
2026nyli2,569,58.1,7.5,7.2
2026nyli2,601,60.6,10.6,10.4
2026nyli2,806,91.5,13.3,12.8
2026nyli2,810,114.4,11.1,11.1
2026nyli2,870,108.6,12.3,13.1
2026nyli2,871,108.3,8.7,8.9
2026nyli2,884,86.6,9.3,9
2026nyli2,1468,110.4,9.6,9.6
2026nyli2,1546,94.9,10.1,10.2
2026nyli2,1554,92.2,12.3,12.1
2026nyli2,1803,70.2,10,9.9
2026nyli2,1880,95,12.5,12.3
2026nyli2,2027,80.2,11.4,11.3
2026nyli2,2161,85.1,8.7,8.7
2026nyli2,2347,74.3,10.9,9.9
2026nyli2,2487,65.8,8.1,8.3
2026nyli2,2638,103.6,10,10
2026nyli2,2869,103.5,13,13.3
2026nyli2,2872,113.6,10,9.8
2026nyli2,2875,108.6,10.4,10.2
2026nyli2,3137,81.3,5.7,5.6
2026nyli2,3171,70.9,10.4,9.8
2026nyli2,3624,114.1,9.2,8.6
2026nyli2,3950,114.5,9.7,9.7
2026nyli2,4458,108.8,12.3,12.3
2026nyli2,4567,55.8,12.2,12.5
2026nyli2,5016,100,14.7,14.7
2026nyli2,5736,114.5,12.2,11.6
2026nyli2,6423,101.6,13,12.9
2026nyli2,6806,106.5,11.9,11.9
2026nyli2,7673,69.3,10.8,11.3
2026nyli2,8267,110.4,10,10.2
2026nyli2,9016,104.4,13.6,13.6
2026nyli2,9646,83.8,14.9,15
2026nyli2,10621,111.5,10,9.7
2026nyli2,11030,66.7,11.3,11.5
2026nyn2,334,114.8,8.8,10
2026nyn2,335,72.7,13.1,11.4
2026nyn2,358,112,11.9,12
2026nyn2,516,84.9,16.7,15.2
2026nyn2,694,114.6,18.2,18
2026nyn2,1155,113,12.3,12.7
2026nyn2,1156,113.4,10.8,10.8
2026nyn2,1796,115,10.8,10.5
2026nyn2,1880,113.6,13,12.6
2026nyn2,2265,101.5,13.4,13.5
2026nyn2,2869,101.9,12.9,13.1
2026nyn2,2875,111.2,10,9.4
2026nyn2,3158,111.8,13.6,13.6
2026nyn2,3193,102.2,14.9,14.9
2026nyn2,3646,112.9,11.8,12.6
2026nyn2,3760,49.8,7.1,7.1
2026nyn2,3950,115,10.2,10.3
2026nyn2,4027,114.6,18.9,19.2
2026nyn2,4122,112.5,12.4,12.8
2026nyn2,4571,93.5,11.6,10.9
2026nyn2,6348,108.4,10.5,10.5
2026nyn2,6402,101.3,10.3,10.4
2026nyn2,6880,67.4,9.4,9.3
2026nyn2,6911,107.8,10.2,10
2026nyn2,7272,94.8,9.9,10
2026nyn2,7551,106,16.6,16.5
2026nyn2,7636,99.2,12.2,12.2
2026nyn2,7840,113.8,10.5,11
2026nyn2,8011,113.3,8.4,7.6
2026nyn2,8267,114.6,8.6,8.8
2026nyn2,8393,114.3,14.2,14.4
2026nyn2,8739,108.5,12.8,12.4
2026nyn2,9030,71.3,7.3,7.3
2026nyn2,9642,111.4,12,9.9
2026nyn2,10045,46.9,9.2,9.2
2026nyn2,10262,102.8,11.7,11
2026nyn2,10390,72.8,10,8.6
2026nyn2,11313,106.3,9.6,8.5
2026nyny,333,113.4,10.7,10.9
2026nyny,334,113.8,9.4,10.4
2026nyny,354,102.3,13.2,13.2
2026nyny,369,100.9,13.7,13.4
2026nyny,395,111.8,11.5,11.8
2026nyny,516,78.7,16.8,15.4
2026nyny,640,65.5,8.1,8
2026nyny,694,115,18.1,18
2026nyny,743,60.6,8.4,8
2026nyny,1601,108.6,15.6,15.6
2026nyny,1635,61.1,11.9,11.1
2026nyny,2344,111.5,14.8,15.4
2026nyny,2601,114.9,11.2,11.3
2026nyny,2872,114.7,10,10.4
2026nyny,3004,68.5,14.5,11.3
2026nyny,3015,114.6,15.2,15.1
2026nyny,3017,52.7,14.1,12.8
2026nyny,3053,35.4,11.6,11.8
2026nyny,3204,86.1,14.3,14.2
2026nyny,3390,114.8,10.4,10.3
2026nyny,3419,112.5,15.3,15.2
2026nyny,4299,76.2,11.3,11.3
2026nyny,4383,79.7,9.2,9.5
2026nyny,4571,93.5,11.6,10.8
2026nyny,4729,105,11.5,11.5
2026nyny,4972,114.4,10.3,11.1
2026nyny,5123,72,12.7,13.1
2026nyny,5298,94.7,11,11
2026nyny,5421,84.4,7.5,7.1
2026nyny,5806,110.3,11.5,11.5
2026nyny,6024,112,13.2,12.7
2026nyny,6401,111.3,10.1,10.1
2026nyny,6590,109.9,11.5,11.6
2026nyny,6593,103.2,9.6,10.6
2026nyny,6648,70.3,11.1,11.1
2026nyny,6873,100.1,12.3,11.3
2026nyny,6969,84.5,8.9,8.9
2026nyny,6985,114.4,9.8,9.9
2026nyny,7036,82.8,8.3,8.4
2026nyny,7668,75.6,12.4,12.4
2026nyny,7730,84.9,8.9,9.2
2026nyny,8739,108.7,13,12.8
2026nyny,9030,72.5,7.7,7.7
2026nyny,9295,64.6,11.1,10.5
2026nyny,9509,77.6,12.5,10.5
2026nyny,9636,89.4,10.7,11
2026nyny,9642,109.1,11.8,10.7
2026nyny,10229,106.3,10.5,10.6
2026nyny,10452,107.9,7.1,7.1
2026nyny,10454,61.6,11.3,11.2
2026nyny,11090,84.4,9.5,11
2026nysu,250,101.2,12.4,12.1
2026nysu,333,114.2,10.7,10.4
2026nysu,369,104.8,13.6,13.8
2026nysu,395,67.3,12.8,12.8
2026nysu,639,110.8,9.2,9.4
2026nysu,1056,111.8,12.5,12.2
2026nysu,1155,105.3,12.5,12.5
2026nysu,1796,111.6,10.8,10.6
2026nysu,2053,112.4,12.7,12.8
2026nysu,2265,113.1,13.6,13.6
2026nysu,2601,114.4,11.1,11.2
2026nysu,2791,112.4,14.5,14.3
2026nysu,3004,64.3,14.4,11.2
2026nysu,3204,81.3,14.4,14.5
2026nysu,3419,105.6,15.1,15.2
2026nysu,4091,69.6,12.6,12.6
2026nysu,4122,110.7,12.4,13.1
2026nysu,5123,62.7,12.8,14.1
2026nysu,5298,94.9,11,11
2026nysu,5806,109.2,11.5,11.5
2026nysu,5881,95.3,10.1,10.4
2026nysu,6300,98.1,12.1,12.1
2026nysu,6401,111.2,12,12
2026nysu,6463,99.2,9.9,9.6
2026nysu,6593,94.7,9.5,10.6
2026nysu,6621,109.4,15.3,15.1
2026nysu,6911,103.7,10.5,10.5
2026nysu,6969,82.8,8.8,8.8
2026nysu,7318,98.5,11.2,11.1
2026nysu,7504,81.9,11.9,11.9
2026nysu,7589,109.9,9.5,9.5
2026nysu,7611,95.6,13.6,13.6
2026nysu,7668,72.3,11.2,11.2
2026nysu,7718,98.8,10.4,10
2026nysu,7730,70.1,9,9.1
2026nysu,7748,79.2,13.1,14.2
2026nysu,7759,65.1,13,13.2
2026nysu,9077,111,14.9,14.9
2026nysu,9636,91.9,10.3,10.5
2026nysu,10152,66.7,8.5,8.8
2026nysu,10213,109.1,6.6,6.7
2026nysu,10229,112.9,10.4,10.4
2026nysu,10262,99.1,11.7,10.9
2026nysu,10413,114.9,11,10.7
2026nysu,10452,110.8,9.7,9.7
2026nysu,10922,106.4,14.3,14.3
2026nysu,11331,39.3,10.8,10.8
2026nysu,11339,64.6,11.5,11.5
2026nytr,20,110.4,14.9,16.3
2026nytr,191,114.6,16.8,16.9
2026nytr,229,92.1,14.4,14.4
2026nytr,250,100.7,12.4,12.2
2026nytr,263,106.5,12.9,12.5
2026nytr,271,114.5,13.5,13.2
2026nytr,287,113.2,11.3,11.4
2026nytr,424,107.7,19.2,19.1
2026nytr,533,114.5,14.1,14.1
2026nytr,578,106.8,12.5,11.9
2026nytr,677,97.9,12,12
2026nytr,806,82.2,13.2,13.1
2026nytr,870,115.1,12.2,13.2
2026nytr,1126,114.8,9.4,9.3
2026nytr,1405,113.4,11.6,10
2026nytr,1493,115,9.3,9.3
2026nytr,1559,113,11.5,11.4
2026nytr,1591,114.6,15.4,15.9
2026nytr,1796,113.8,11,10.7
2026nytr,1880,111.7,13.4,13.2
2026nytr,2053,111.7,12.7,12.7
2026nytr,2340,110.8,10,9.3
2026nytr,2791,112,14.2,14.1
2026nytr,3003,114.1,12.7,12.7
2026nytr,3044,114.8,12.1,12.5
2026nytr,3171,106.2,10.7,10.2
2026nytr,3173,114.8,19,19.6
2026nytr,3181,114.6,16.8,16.8
2026nytr,3624,115,9.4,9.1
2026nytr,4121,106.3,13.6,13.6
2026nytr,4122,114.1,12.3,13
2026nytr,4601,111.6,11.2,12
2026nytr,4930,115,16.2,15.8
2026nytr,5016,111.9,14.6,13.7
2026nytr,5149,96.1,11.5,11.4
2026nytr,5590,88.5,16.6,16.5
2026nytr,5736,114.4,12.3,11.8
2026nytr,5881,100.6,10.1,10.1
2026nytr,6300,104.5,12.5,12.5
2026nytr,6436,111.3,6.7,6.6
2026nytr,6463,101.9,10,9.9
2026nytr,6621,114.6,15,14.9
2026nytr,6648,71.8,11,11
2026nytr,6806,108.1,12.2,12.1
2026nytr,7031,114.4,15.8,15.9
2026nytr,7504,92.9,12,12
2026nytr,7605,106.2,8.6,9.9
2026nytr,7718,100.9,10.5,10.1
2026nytr,7759,65.4,13.1,13.3
2026nytr,7903,68.8,11.8,12.4
2026nytr,8222,114.9,13.7,13.7
2026nytr,9194,98.2,14.9,16
2026nytr,9545,113.7,17.7,17.5
2026nytr,9624,113.2,10,10
2026nytr,10202,105.5,11.9,12.5
2026nytr,10413,114.4,11.6,11.5
2026nytr,10582,71.5,9.9,9.9
2026nytr,10604,93.3,10.3,10.3
2026nytr,10714,104.9,8.9,9.2
2026nytr,11010,56.3,11.4,11.4
2026ohcl,27,112,14.6,14.8
2026ohcl,120,97.8,14.2,13.3
2026ohcl,291,96.2,6.3,6.2
2026ohcl,695,111.7,10.5,10.3
2026ohcl,1014,109.5,9.3,9.3
2026ohcl,1308,109.2,10.5,10.8
2026ohcl,1507,111.8,9.7,9.1
2026ohcl,2172,112,12.3,12.3
2026ohcl,2252,106.5,18.6,18.5
2026ohcl,2399,94.9,15.9,15.8
2026ohcl,2603,103.1,12.4,12.4
2026ohcl,3193,104.9,15,15
2026ohcl,3201,109.4,12.8,12.4
2026ohcl,3777,65.1,11.1,11
2026ohcl,4085,114.8,12.5,12.5
2026ohcl,4121,106.1,13.9,13.6
2026ohcl,4145,114.8,16.5,16.6
2026ohcl,4611,109.6,13.3,14.8
2026ohcl,5413,93.8,12.2,12.3
2026ohcl,5811,112.8,10.4,10.7
2026ohcl,6834,99.7,9,9
2026ohcl,6916,66.9,11.6,11.6
2026ohcl,6936,100.8,8.9,8.9
2026ohcl,6964,77.2,17.9,19
2026ohcl,7165,98.9,12,12.3
2026ohcl,7885,82,9.8,9.8
2026ohcl,8140,69.5,11.7,11.6
2026ohcl,8145,114.9,11.4,11.6
2026ohcl,8222,114.8,11.5,11.5
2026ohcl,8243,86.5,10.1,10
2026ohcl,8393,112.8,15.1,15.1
2026ohcl,8713,88,10,9.6
2026ohcl,8718,110.9,9.6,10.4
2026ohcl,9075,65.5,10,9.9
2026ohcl,9194,82,15.3,16.4
2026ohcl,9622,72,9.2,9.1
2026ohcl,9643,63.7,12.8,12.8
2026ohcl,9767,85.5,10.3,10.3
2026ohcl,10011,99.8,10.2,10
2026ohcl,10207,96.9,11.7,11.7
2026ohcl,10208,88.2,11.1,11.1
2026ohmv,117,114.5,14.4,14.7
2026ohmv,144,114.5,14.6,13.8
2026ohmv,325,113.5,14.5,14.6
2026ohmv,379,112.7,11.2,11.4
2026ohmv,432,97.6,14.1,14.4
2026ohmv,451,112.9,13.2,13.3
2026ohmv,554,108.1,12.4,12.4
2026ohmv,578,105.6,12.5,11.9
2026ohmv,677,100.7,11.9,12
2026ohmv,695,114.2,10.4,10.3
2026ohmv,1014,111.3,9.9,10
2026ohmv,1038,114.9,16.7,14.9
2026ohmv,1736,105.9,9.4,9.6
2026ohmv,1756,102.5,12.5,11.8
2026ohmv,1787,113,12.3,12.7
2026ohmv,2010,104.4,14.4,13.4
2026ohmv,2172,108.6,16.2,16.2
2026ohmv,2228,113.8,9.5,9.7
2026ohmv,2252,114.4,18.8,18.7
2026ohmv,2338,114.8,12.3,12.4
2026ohmv,2399,93,15.9,16.1
2026ohmv,2603,108.7,12.1,12.1
2026ohmv,2614,114.8,14.7,14.7
2026ohmv,3138,95.9,11.1,11.2
2026ohmv,3324,112.9,13.1,14.2
2026ohmv,3484,98.3,13.8,13.8
2026ohmv,3504,96.2,12.4,12.4
2026ohmv,3814,93.7,12.1,11.7
2026ohmv,4028,115,16,16.2
2026ohmv,4085,110.9,13.2,13.2
2026ohmv,4096,114.6,14.8,15.3
2026ohmv,4145,114.1,16.5,16.5
2026ohmv,4467,113.6,12.5,12.4
2026ohmv,4601,110.6,11.4,12.3
2026ohmv,4611,113.4,13.5,15
2026ohmv,5667,109.8,12.9,13.7
2026ohmv,5811,114.8,10.7,10.9
2026ohmv,6237,106.3,11.5,11.6
2026ohmv,6302,112.2,9.9,10
2026ohmv,6964,113.6,18.3,19.5
2026ohmv,8145,115,11.5,11.7
2026ohmv,8243,88.4,9.9,9.9
2026ohmv,9075,72.3,10.1,9.8
2026ohmv,9097,112.2,15.2,15.1
2026ohmv,9139,115,10.1,10.8
2026ohmv,9152,81.7,10,10
2026ohmv,10011,103.2,10.3,10.1
2026ohmv,10207,84.8,11.5,11.6
2026ohmv,10208,87.9,11.3,11.4
2026ohmv,10987,65.7,12.6,14.3
2026oktu,31,103.3,12.5,12.3
2026oktu,498,114.7,16.7,16.6
2026oktu,1209,111.7,12.5,13.1
2026oktu,1561,101.2,12.1,13.7
2026oktu,1775,108.2,12.5,12.1
2026oktu,1819,103.3,12.7,12.4
2026oktu,1832,103.3,10.3,10.2
2026oktu,2165,100,12,12
2026oktu,2333,64.3,11.2,11.2
2026oktu,2341,96.9,8.9,8.9
2026oktu,2345,114.5,11.2,11.4
2026oktu,2352,101.9,11.2,11.3
2026oktu,2359,92.5,12.9,12.8
2026oktu,2373,115,13.1,13.1
2026oktu,2403,105.6,12.9,13.4
2026oktu,2718,111.5,10.5,10.5
2026oktu,2773,106.3,14.7,14.8
2026oktu,3134,107,11.4,11.4
2026oktu,3160,114.9,14.1,14.1
2026oktu,3163,62.1,9.6,10
2026oktu,3179,96.7,14.7,13.7
2026oktu,3275,109.3,11.4,11.4
2026oktu,3277,112.1,17,17
2026oktu,3278,109.1,10.3,10.8
2026oktu,3313,111.7,18.8,18.2
2026oktu,3465,91.2,13.1,12.5
2026oktu,4005,93,13.5,12.4
2026oktu,4403,114.6,13.2,13.3
2026oktu,4523,112,12.4,12.4
2026oktu,5454,108.8,10.5,9.8
2026oktu,5550,108.8,11.4,11.4
2026oktu,5653,112.6,17.6,17.2
2026oktu,6026,96.7,13.4,13.4
2026oktu,6353,108.6,13.3,14.6
2026oktu,6424,105.8,14.5,13.7
2026oktu,8711,106.5,12.9,12.9
2026oktu,9007,64.7,10.2,10.8
2026oktu,9244,78.7,8.1,8.1
2026oktu,9462,103.5,13.7,13.7
2026oktu,9472,108.2,13.4,13.4
2026oktu,9498,94.1,14.1,14.1
2026oktu,9631,88.9,10.4,10.4
2026oktu,10377,113.2,13.7,13.7
2026oktu,10626,74.4,12.6,12.6
2026oktu,10661,92.5,14,14
2026oktu,10980,114.8,11.8,11.5
2026onbar,188,114,17.8,16
2026onbar,854,96.9,12.4,12.5
2026onbar,865,114.9,10.9,11.5
2026onbar,1305,114,11,9.7
2026onbar,1310,111,10.8,11.1
2026onbar,2706,91.5,9.5,9.7
2026onbar,3739,113.2,18.8,18.7
2026onbar,4015,77.4,10.3,10.4
2026onbar,4069,112.9,16.9,17.1
2026onbar,4688,103.9,13.3,13.5
2026onbar,4920,114.4,15.2,15.2
2026onbar,4951,86,10.1,10.1
2026onbar,5031,108,11.5,11.8
2026onbar,5672,107,9.9,9.8
2026onbar,5885,108.9,11.6,12.4
2026onbar,6110,115,13.5,14.7
2026onbar,6397,88,11.4,11.4
2026onbar,6859,63.1,12.2,12.5
2026onbar,6864,67.2,11.8,11.8
2026onbar,6865,98.7,8.9,8.8
2026onbar,7200,113.5,13.6,12.6
2026onbar,7558,111.9,12.6,12.3
2026onbar,7603,57.7,10.8,10.6
2026onbar,7659,110.1,12.5,12.6
2026onbar,8081,90.2,12.5,12.6
2026onbar,8349,92.9,10.1,10.3
2026onbar,8884,111.9,12.2,11.9
2026onbar,9569,114.9,12.2,11.7
2026onbar,9580,113.8,14.5,13.7
2026onbar,9592,110.2,16.3,16.6
2026onbar,9782,70.4,13.3,13.3
2026onbar,10611,63.3,10.8,11.1
2026oncmp1,772,88.5,18.3,17.7
2026oncmp1,865,114.1,11.5,11.5
2026oncmp1,919,91.6,11,10.6
2026oncmp1,1114,115,18.5,18.8
2026oncmp1,1305,114,11.1,9.6
2026oncmp1,1325,109.9,10.7,10.6
2026oncmp1,1334,114.1,15.8,15.2
2026oncmp1,1360,113.6,12.2,11.8
2026oncmp1,2056,114.9,14.9,14.9
2026oncmp1,2200,111.8,16.9,17
2026oncmp1,2386,114.8,13.6,13.6
2026oncmp1,2706,94.9,9.5,9.8
2026oncmp1,2708,114.9,13.5,13.5
2026oncmp1,3161,112.3,13.1,12.8
2026oncmp1,3560,98.9,9.5,9.5
2026oncmp1,3756,112.6,11,11.5
2026oncmp1,4069,115,16.9,17
2026oncmp1,4308,114.3,12.6,11.6
2026oncmp1,4476,114.7,18.7,19.2
2026oncmp1,4678,109.1,21.1,21.1
2026oncmp1,4907,115,12.7,12.4
2026oncmp1,4920,114.2,15.4,15.4
2026oncmp1,4976,105,9.2,9.2
2026oncmp1,5036,91.1,7.7,7.6
2026oncmp1,5406,114.4,19.5,19.5
2026oncmp1,5409,114.6,12.9,12.7
2026oncmp1,5596,85,9.8,9.9
2026oncmp1,5672,113.7,10.3,10.7
2026oncmp1,5689,100.1,10.5,10
2026oncmp1,5870,103.4,12.9,12.8
2026oncmp1,6875,102.3,13.8,13.8
2026oncmp1,6975,113.8,11,11.6
2026oncmp1,7200,112.9,13.6,12.5
2026oncmp1,7476,100.6,15.4,15.3
2026oncmp1,7520,114.6,9.8,9.8
2026oncmp1,7659,104.4,12.9,12.8
2026oncmp1,7712,114.4,12.4,12.4
2026oncmp1,7757,74.7,9.2,9.1
2026oncmp1,7902,114.9,12.5,13
2026oncmp1,9262,89.8,9.9,9.7
2026oncmp1,9263,114.9,12.4,12.8
2026oncmp1,9562,107.3,10.8,10.7
2026oncmp1,9569,112.7,12.4,11.8
2026oncmp1,9575,102.6,11,10.9
2026oncmp1,9580,112.5,14.6,13.7
2026oncmp1,9659,88.1,11.4,11.6
2026oncmp1,10015,113.9,14.8,15.1
2026oncmp1,10514,104.6,11.4,11.1
2026oncmp1,11227,108.6,12.3,12.6
2026oncmp1,11428,62.2,9.3,10.1
2026oncmp2,188,115,17.2,16.8
2026oncmp2,610,114.4,15.6,15.5
2026oncmp2,771,108,9.6,9.7
2026oncmp2,781,112.6,12.8,13.8
2026oncmp2,854,111.8,12.4,12.4
2026oncmp2,1229,114.8,8.2,8
2026oncmp2,1241,114.4,13.6,13.6
2026oncmp2,1310,113,11.2,11.4
2026oncmp2,2013,106.8,12.8,12.8
2026oncmp2,2609,114.4,12.6,12.2
2026oncmp2,2634,85.5,9.2,8.6
2026oncmp2,2702,114.5,12.7,12.6
2026oncmp2,2852,114.7,14,13.8
2026oncmp2,2935,115,12,11.8
2026oncmp2,3543,106.8,13.6,12.8
2026oncmp2,3683,113.3,16,13
2026oncmp2,3739,112.2,19.3,19.3
2026oncmp2,4039,102,16.2,16.2
2026oncmp2,4152,114,12.2,12.4
2026oncmp2,4688,105.6,13.2,13.3
2026oncmp2,4917,115,17.6,17.7
2026oncmp2,4946,114.1,20.7,20.6
2026oncmp2,4951,105.2,10.9,10.9
2026oncmp2,5024,95.8,19,18.8
2026oncmp2,5031,109.3,11.3,11.7
2026oncmp2,5032,114.1,12.6,13
2026oncmp2,5408,60.7,12.2,12.5
2026oncmp2,5719,112.2,9.9,12.7
2026oncmp2,5885,108.6,12,13.1
2026oncmp2,6632,104.7,13,13.3
2026oncmp2,6865,101.5,8.6,8.8
2026oncmp2,6978,113.7,14.9,15.1
2026oncmp2,7480,113,17,18
2026oncmp2,7558,112,12.6,12.5
2026oncmp2,8089,114.3,12.9,13.1
2026oncmp2,8349,96.4,10.8,10.9
2026oncmp2,8729,97.2,10.2,10.5
2026oncmp2,8789,80.8,10.6,11.7
2026oncmp2,8884,113.2,13.6,13.6
2026oncmp2,9062,64.3,12.5,12.7
2026oncmp2,9098,110.9,11.4,11.3
2026oncmp2,9589,60.9,14.4,14.4
2026oncmp2,9782,77.1,13.4,13.4
2026oncmp2,9785,114.4,13.4,13.5
2026oncmp2,10167,64.5,9.2,10.6
2026oncmp2,10554,99.7,10,10.1
2026oncmp2,10611,62.3,10.9,11.1
2026oncmp2,11002,81.9,14.3,13.4
2026oncmp2,11270,113.2,14.2,13.9
2026onham,1114,114.6,18,18.2
2026onham,1229,110.2,8.3,8.1
2026onham,1325,112.1,10.5,10.4
2026onham,2056,112,14.2,14.3
2026onham,2200,114,16.4,16.5
2026onham,2852,113.3,12.9,12.9
2026onham,3560,95.4,8.5,9.4
2026onham,4308,107.1,12,11.5
2026onham,4327,96.3,17.2,17.2
2026onham,4907,113.7,12,12
2026onham,4917,114.1,12,12.2
2026onham,5032,112.8,12.7,13
2026onham,5406,114.1,19.4,19.8
2026onham,6135,108.2,9.5,9.3
2026onham,6162,90.8,8.4,8.3
2026onham,6632,99.9,13.5,13.7
2026onham,6978,114.3,14.9,15.1
2026onham,7200,108.2,13.7,12.7
2026onham,7902,108.2,12,12.7
2026onham,8764,56.5,10.3,9.2
2026onham,8850,87.7,13,13
2026onham,9062,106.3,10.8,11
2026onham,9098,113.6,11.2,11.2
2026onham,9575,104.8,9.5,9.3
2026onham,9659,88,10.6,10.6
2026onham,10167,62.1,9.1,8.6
2026onham,10554,110.4,10,10.2
2026onham,11002,60.9,15.5,14.4
2026onham,11362,61.8,9.9,10.5
2026onham,11428,62.6,9.4,10.1
2026onnob,610,114.8,14.2,13.9
2026onnob,1305,114.3,10.6,8.8
2026onnob,1334,114.4,15.3,14.8
2026onnob,2013,112.4,14.7,14.7
2026onnob,2609,114.6,12.2,12
2026onnob,2706,91.7,9.6,9.8
2026onnob,2708,109.9,13.3,13.4
2026onnob,2935,113.8,12.3,12.3
2026onnob,3543,101,13.1,14.1
2026onnob,4152,111.7,12.3,12.2
2026onnob,5036,92,7.2,7.2
2026onnob,5596,84.7,9.7,9.7
2026onnob,6859,62.2,12.1,12.4
2026onnob,6864,66.3,11.5,11.7
2026onnob,7476,90.6,14.3,14.2
2026onnob,7480,110.8,10.8,11.7
2026onnob,7520,112.7,10,10.3
2026onnob,7712,113.6,12.4,12.4
2026onnob,8729,96.7,10.4,10.3
2026onnob,8884,110.4,12.1,11.8
2026onnob,9580,91.4,14.2,14.1
2026onnob,9589,59.4,14.2,14.2
2026onnob,9785,111.3,13.2,13.3
2026onnob,10015,109,10,10.2
2026onnob,11270,113.4,14.1,13.7
2026onosh,188,112.8,17.4,16.9
2026onosh,781,109.7,12.5,13.5
2026onosh,1241,114.6,13.5,13
2026onosh,2708,113.7,13.3,13.3
2026onosh,3543,102.5,13,13.8
2026onosh,4152,110.3,12.3,12.1
2026onosh,4476,112.9,15,15.4
2026onosh,4946,112.6,20.4,20.4
2026onosh,4976,108.1,9.3,9.3
2026onosh,5024,91.2,19,18.9
2026onosh,5032,112.8,12.6,12.8
2026onosh,5036,91.1,7.1,7.3
2026onosh,5409,111.2,13.2,13
2026onosh,5596,81.4,9.8,9.8
2026onosh,5689,81.7,10,9.6
2026onosh,5870,97.5,13,13
2026onosh,6135,94,9.6,9.4
2026onosh,7480,96.8,10.8,11.8
2026onosh,7603,63.4,10.5,10.5
2026onosh,7712,113.4,12.3,12.3
2026onosh,7757,70.2,7.3,7.4
2026onosh,7902,107.6,12.1,12.6
2026onosh,8089,113.5,11.7,11.9
2026onosh,8729,96.2,11.3,11.2
2026onosh,9569,109.8,11,10.6
2026onosh,9589,56.1,14,14
2026onosh,10015,114.1,10.2,10.5
2026onosh,11227,105.4,12.2,12.5
2026ontor,771,87.3,10.3,10.5
2026ontor,854,102.1,12.3,12.3
2026ontor,919,85.2,11,9.5
2026ontor,1310,115,9.4,8.9
2026ontor,1325,111,11,10.8
2026ontor,1360,109.3,12.9,12.5
2026ontor,2634,77.6,8.8,8.4
2026ontor,2935,114.1,12.5,12.4
2026ontor,3161,113.6,12.4,12.3
2026ontor,3560,88,9.2,9
2026ontor,4015,66.2,10.4,9.8
2026ontor,4039,99.6,16.4,16.5
2026ontor,4069,114.8,16.8,16.9
2026ontor,5031,103.5,11.8,12.1
2026ontor,5719,113.7,9.6,12
2026ontor,6397,67.6,8.1,9.1
2026ontor,6632,97.3,13.4,13.5
2026ontor,7520,110.9,8.1,10.6
2026ontor,7558,105.4,12.5,12.1
2026ontor,8850,88.8,11.2,11.2
2026ontor,9262,65.6,9.9,9.6
2026ontor,9562,109.2,11.1,10.9
2026ontor,9575,72.5,9.9,9.7
2026ontor,9659,77.1,10.4,10.4
2026ontor,9782,47.3,13.5,13.5
2026ontor,9785,111.6,14.6,14.7
2026ontor,10167,63.9,8.2,8.4
2026ontor,10554,112.2,10.2,10.4
2026ontor,11270,113.6,14.4,14.1
2026onwat,610,114.4,14.2,14.1
2026onwat,772,112.3,10.7,10.2
2026onwat,1334,114.7,15.4,14.9
2026onwat,2200,114.7,16.4,16.6
2026onwat,2386,107.5,12.1,12.5
2026onwat,2609,109.8,12.3,12.1
2026onwat,2702,109.7,12.7,12.4
2026onwat,3683,111,15.7,13.7
2026onwat,3756,114.9,11.2,11.3
2026onwat,4308,107.4,11.9,11.5
2026onwat,4617,58.2,10.1,9.5
2026onwat,4678,113,20.9,20.8
2026onwat,4917,114.6,12,12.2
2026onwat,4940,106,10.5,10.5
2026onwat,4946,111.9,20.4,20.3
2026onwat,4976,106.7,9.1,9.1
2026onwat,5408,65.7,12,12
2026onwat,5409,112.1,13.1,12.9
2026onwat,5870,100.7,13,12.9
2026onwat,5912,85.2,12,12
2026onwat,6725,100.6,14.7,9.5
2026onwat,6854,73.7,13.3,11.7
2026onwat,6875,100,12.7,12.7
2026onwat,6975,89.5,9.6,10.6
2026onwat,7058,66.1,11.2,11.1
2026onwat,8089,114.2,12.9,13.2
2026onwat,8764,54.5,11.2,10.6
2026onwat,9098,112,11.4,11.2
2026onwat,9263,112.2,11.5,11.8
2026onwat,10514,104.9,11.6,11.3
2026onwat,11227,107.3,12.3,12.3
2026onwel,919,82.5,10.9,10.9
2026onwel,1114,114.4,18.8,19
2026onwel,1241,115,13.5,14.6
2026onwel,1325,113.4,10.7,10.6
2026onwel,1360,111.7,12.7,13.1
2026onwel,2013,104.4,13.2,13.2
2026onwel,2056,114.5,14.7,14.8
2026onwel,2852,114.9,14.1,13.8
2026onwel,3161,113,12.1,12
2026onwel,3683,114,16,14.1
2026onwel,4476,113.3,18.5,18.8
2026onwel,5672,109.7,10.9,10.5
2026onwel,6110,115.1,14.2,14.2
2026onwel,6854,106,13.7,12.1
2026onwel,6865,101.4,8.8,9
2026onwel,6975,112.5,9.7,10.5
2026onwel,6978,114.3,15,15.1
2026onwel,7476,100.1,15.5,15.3
2026onwel,7659,102.7,13.1,13
2026onwel,7757,73.7,9.4,9.5
2026onwel,8349,103.5,10.4,10.7
2026onwel,9062,55.1,11.3,11.6
2026onwel,9263,114.7,12.4,12.8
2026onwel,9562,106.1,11.2,11.1
2026onwel,10514,104.7,12,11.7
2026onwel,11002,60.8,13.6,14.5
2026onwel,11428,61.8,9.3,10.1
2026onwin,771,105,10.4,10.5
2026onwin,772,87.2,18.2,18.2
2026onwin,781,111.5,12.8,13.8
2026onwin,865,114.3,11.3,11.5
2026onwin,1229,113.8,8.2,8
2026onwin,2386,113.8,13.6,13.5
2026onwin,2634,85,9.2,8.6
2026onwin,2702,114.2,12.5,12.5
2026onwin,3739,114.7,19.2,19.1
2026onwin,3756,105.6,11,11.5
2026onwin,4039,100.6,16.2,16.4
2026onwin,4617,87.7,10.1,9.5
2026onwin,4678,107.6,21.1,21.1
2026onwin,4688,109,13,13.2
2026onwin,4907,113.8,12.9,12.8
2026onwin,4920,112,15.5,15.5
2026onwin,4940,105.1,10.6,10.6
2026onwin,4951,92.6,10.1,10.1
2026onwin,5024,94.2,19.1,18.9
2026onwin,5406,113.8,18.8,19.2
2026onwin,5408,61,12.4,12.7
2026onwin,5689,87.4,10.2,9.9
2026onwin,5719,115,9.7,12.4
2026onwin,5885,109.6,11.6,12.4
2026onwin,5912,87,11.9,11.9
2026onwin,6162,111.2,8.6,8.5
2026onwin,6725,114.3,14.8,10.1
2026onwin,6875,101.9,13.9,13.9
2026onwin,7058,67.3,10.5,10.6
2026onwin,8081,105.7,12.3,12.3
2026onwin,8789,83,10.8,11.6
2026onwin,9262,65.7,9.9,9.7
2026onwin,10611,63.2,10.9,11.2
2026onwin,11215,62.1,9.8,9.5
2026onwin,11362,60.2,10.7,10.1
2026orore,749,92.8,9.1,9
2026orore,955,114,10.6,10.2
2026orore,957,109.3,9,9
2026orore,997,112,14,13.8
2026orore,1359,107.4,13,13.9
2026orore,1425,114.2,12.9,12.8
2026orore,1540,110.8,15.7,15.4
2026orore,2471,104.1,13.2,13.3
2026orore,2521,112.4,14.5,14.7
2026orore,2550,81.2,12.6,12.5
2026orore,2557,107.4,17.8,17.8
2026orore,2635,108.1,10,10.7
2026orore,2733,88.4,17,16.9
2026orore,2811,114,19.9,19.8
2026orore,2898,112.8,11.9,12.2
2026orore,2915,84,11.1,11.5
2026orore,2930,113.2,9,9.1
2026orore,2990,106.3,13.4,13.3
2026orore,3636,105.7,10.5,11
2026orore,3669,97.5,8,8
2026orore,3674,114.5,9.3,9.2
2026orore,4488,112.5,13.4,13.4
2026orore,4662,72.9,12.7,12.3
2026orore,4915,114,11.6,11.8
2026orore,5970,81.6,10.1,10.6
2026orore,5975,80,17.8,17.8
2026orore,6465,109.4,10,10.7
2026orore,6696,107.2,8.4,8.4
2026orore,6831,59.5,8.5,8.5
2026orore,8032,112.7,12,12.2
2026orore,9430,107.5,10.5,10.4
2026orore,9567,62.4,13,13.3
2026orore,9600,110.8,15.1,15.4
2026orore,10444,73.1,8.3,8.1
2026orore,10991,84.7,12.1,11.2
2026orsal,749,74,9.1,9.1
2026orsal,753,114.4,10.9,11
2026orsal,846,112.7,10.2,9.7
2026orsal,847,113.4,10.9,10.5
2026orsal,955,114.3,10.5,10.1
2026orsal,997,114,13.6,13.4
2026orsal,1359,96.1,13,13.8
2026orsal,1540,114.8,15.7,15.4
2026orsal,2374,103.1,14.1,14.1
2026orsal,2521,114.1,14.2,14.8
2026orsal,2733,99.4,14.4,14.3
2026orsal,2811,111.1,18.9,18.2
2026orsal,2926,75.5,10.2,10.2
2026orsal,3024,93,14.4,15
2026orsal,3673,105.8,7.4,7.2
2026orsal,3674,113.7,9.1,9.1
2026orsal,3712,90,14.7,14.7
2026orsal,4043,95.8,14.9,14.9
2026orsal,4060,64.7,12.4,12.4
2026orsal,4061,96.4,10.6,10.5
2026orsal,4125,113.3,14.5,14.3
2026orsal,4692,114.9,12.1,12.1
2026orsal,5468,106.1,16.2,16
2026orsal,5920,114.2,11.4,11.6
2026orsal,6343,78.6,21.9,22.5
2026orsal,6443,109.2,12.5,12.6
2026orsal,6465,112.4,9.7,10.5
2026orsal,6845,84.6,12.7,12.6
2026orsal,7034,113.2,13.1,13.3
2026orsal,8532,68.9,12,11.8
2026orsal,9023,114.4,9,8.8
2026orsal,9430,101.4,10.4,10.3
2026orsal,9438,112.6,14.6,14.6
2026orsal,9567,63.2,13.1,13.4
2026orsal,10991,82.1,12,11.2
2026orwil,847,113.8,10.9,10.5
2026orwil,957,109.5,8.7,8.7
2026orwil,1425,113.4,13.5,13.4
2026orwil,1540,113.3,15.7,15.3
2026orwil,1595,114.4,13.4,13.5
2026orwil,2374,102,14,14
2026orwil,2471,103.3,13.4,13.3
2026orwil,2550,77.6,12.2,11.9
2026orwil,2635,110.6,10.1,10.8
2026orwil,2898,98,11.3,12.1
2026orwil,2915,80.5,11.2,11.6
2026orwil,2990,100.1,13.3,13.3
2026orwil,3024,93.7,14.4,14.8
2026orwil,3574,92.2,14.6,14.7
2026orwil,3636,110.2,10.5,11
2026orwil,3663,114.4,14.7,14.7
2026orwil,3673,103.5,10.2,9.2
2026orwil,4043,99.2,15.2,14.2
2026orwil,4488,113.3,13.1,13.1
2026orwil,4513,107.3,12.1,12.3
2026orwil,4662,64.1,12.9,12.4
2026orwil,5937,114.9,11.6,10.8
2026orwil,5970,80.4,10.1,10.4
2026orwil,5975,78.6,18,18
2026orwil,6343,79.4,21.7,22.2
2026orwil,6696,114.5,8.5,8.6
2026orwil,6831,58.5,8.4,8.4
2026orwil,7034,107.6,13.1,13.3
2026orwil,9438,114.6,15,15
2026orwil,9600,115,15,15.4
2026orwil,9613,90.9,10.9,11.7
2026orwil,10444,66.3,8.4,8.1
2026paben,87,98.5,15.5,15.4
2026paben,103,112.9,10.2,10.7
2026paben,316,111.1,13.4,13.3
2026paben,321,107.7,16.3,16.6
2026paben,427,82.7,12.7,12.5
2026paben,714,111.9,13.3,13.2
2026paben,834,96,10,9.4
2026paben,1089,114.4,13.5,14.6
2026paben,1257,100.7,15.3,14.8
2026paben,1640,104.2,15.9,15.8
2026paben,1712,113.1,11.4,10.1
2026paben,1807,101.5,12.1,11.7
2026paben,2016,102.2,14,13.1
2026paben,2539,111.5,13.6,12.7
2026paben,2554,105.5,8.3,8.8
2026paben,2590,114.8,17.6,18
2026paben,2722,114.9,11.2,11.2
2026paben,4285,114.1,12.2,12.2
2026paben,4342,111.2,10.3,10.5
2026paben,4575,111.1,15.8,14.5
2026paben,4637,52.4,11,10.8
2026paben,4750,92.6,8.1,8.1
2026paben,5401,108.5,11.8,11.8
2026paben,5490,115,10.8,10.8
2026paben,5789,77.8,12.5,12.5
2026paben,7414,114.5,9.6,9.3
2026paben,7587,99.1,14.7,14.4
2026paben,8630,110,15.5,15.9
2026paben,8704,73.8,9.1,9.1
2026paben,8721,66,8.5,8.5
2026paben,9027,56.3,8.7,9
2026paben,9100,84.2,10.9,11.6
2026paben,10143,72.6,10.2,11.5
2026paben,10584,95.4,11.9,11.3
2026paca,63,104.6,10.2,10.1
2026paca,117,114,14,14.2
2026paca,340,112.7,19.3,20.2
2026paca,451,102.3,12.9,12.9
2026paca,709,72.1,10.3,10.4
2026paca,1317,105.3,10.1,10.1
2026paca,1511,114.2,12.7,13.5
2026paca,1601,110.3,15.2,15.2
2026paca,1708,107.7,12.3,12.2
2026paca,1816,114.7,11.2,11.2
2026paca,2010,104.8,14.2,13.1
2026paca,2095,57.9,14.4,14.4
2026paca,2234,71,10.7,10.7
2026paca,2614,114.5,14.5,14.5
2026paca,2641,74.6,11.6,12.4
2026paca,2656,88.4,9.8,10
2026paca,3015,115,15.2,15.5
2026paca,3173,112.4,18.4,19.1
2026paca,3260,114.9,10.9,10.9
2026paca,3324,110.3,13,13.1
2026paca,3484,96.8,12.6,12.6
2026paca,3504,82.4,12.4,12.2
2026paca,3990,112.6,13.7,14
2026paca,4027,113.6,18.9,19
2026paca,4028,114.4,15.5,15.8
2026paca,4050,113.2,11.5,11.4
2026paca,4150,113.6,14,14.2
2026paca,4269,94.5,8.4,11.1
2026paca,4467,113.7,12.7,12.6
2026paca,4991,114.1,13.2,13.2
2026paca,5667,111,12.4,13.2
2026paca,5740,107.2,14.7,14.6
2026paca,6032,85.3,13.9,14.3
2026paca,7274,63.7,10.5,10.2
2026paca,7515,110.3,11.1,11.1
2026paca,8705,82.5,13.1,12.3
2026paca,9022,88.2,10,10
2026paca,9406,114.9,11.5,11.6
2026paca,9415,61.6,12.9,13.8
2026paca,9475,53.9,9.8,10.2
2026paca,9642,109.2,14.6,14.5
2026paca,9653,80.9,11.8,11.8
2026paca,10300,62.2,9.4,9.4
2026paca,10512,51.7,7.4,7.4
2026paca,10513,51.8,7.6,7.6
2026paca,10515,51.7,8.2,8.6
2026paca,10516,64.8,9.9,10.9
2026paca,10517,50.9,7.6,7.6
2026paca,10582,63.7,9.2,9.9
2026paca,11456,55.6,8.7,8.3
2026pahat,272,115.1,10.2,11.3
2026pahat,321,93.2,16.5,16.5
2026pahat,341,115.1,11.7,11.8
2026pahat,427,75.5,12,12
2026pahat,486,97.8,12.4,12.7
2026pahat,708,109,13.6,13.8
2026pahat,709,71.9,10.8,11.1
2026pahat,816,115.1,11.1,11.3
2026pahat,862,104.5,20.1,21.1
2026pahat,1089,114.9,13.5,14.6
2026pahat,1168,114.4,10.2,10.1
2026pahat,1626,105.7,9.7,9.5
2026pahat,2095,62.7,14.7,14.7
2026pahat,2234,70.8,10.8,10.9
2026pahat,2458,84.5,11,11
2026pahat,2539,108.2,13.5,12.3
2026pahat,2559,92.9,11,11
2026pahat,2607,103.3,13.2,13.2
2026pahat,4575,110.6,14.7,14.7
2026pahat,5113,107.7,12.6,11.6
2026pahat,5181,114.7,11.7,11.6
2026pahat,5684,59.5,9.7,10
2026pahat,6226,71.9,11.2,11.3
2026pahat,6808,111.4,12.5,10.2
2026pahat,7110,63.7,12.2,12.1
2026pahat,9014,75.5,12.8,12.9
2026pahat,9027,62.9,8.6,8.5
2026pahat,10070,82.9,8.1,8.5
2026pahat,10400,88.7,10.4,11.7
2026pahat,10584,85.3,10.7,10
2026pahat,10979,62.3,8.3,8.2
2026pahat,10993,110.3,11.8,11.8
2026pahat,11366,50.3,12.1,12.1
2026paphi,203,63.3,10.1,11
2026paphi,204,89.5,11.6,11.6
2026paphi,321,108.5,16.2,16.3
2026paphi,365,105.6,9.4,9.6
2026paphi,423,103.9,12.6,12.3
2026paphi,501,112,11.2,11.6
2026paphi,708,112.7,13.7,13.8
2026paphi,714,113.4,13.5,13.4
2026paphi,816,110,11.7,11.7
2026paphi,1218,102.2,14.8,14
2026paphi,1279,114.7,10.5,10.5
2026paphi,1391,103,13.9,13.7
2026paphi,1811,92.6,10.3,10.2
2026paphi,2016,104.1,14,13
2026paphi,2180,104,10.4,10.4
2026paphi,2720,104.1,11.9,11.9
2026paphi,4575,113.2,15.7,14.8
2026paphi,4638,111.3,12.5,11.8
2026paphi,5789,78.3,12.5,12.5
2026paphi,6808,114.8,12.6,10.2
2026paphi,6921,114.9,15.6,16.3
2026paphi,8630,113.1,15.7,15.9
2026paphi,9014,90.2,13.1,13.1
2026paphi,10600,94.9,17.4,17.4
2026paphi,10918,91.3,11.5,11.5
2026paphi,10949,106.3,12.2,12.3
2026paphi,10979,80,13.5,13.7
2026paphi,10989,89.3,9,9.1
2026pawar,75,109.5,10.3,10.8
2026pawar,102,114.5,19.1,18.2
2026pawar,203,62.6,10.3,11.1
2026pawar,272,112.8,10.5,11.5
2026pawar,341,114.2,12.1,12.1
2026pawar,423,106.7,12.8,12.7
2026pawar,428,56.4,11,10.8
2026pawar,433,105.3,10.4,10.1
2026pawar,484,91.2,15.4,15.4
2026pawar,708,109.1,13.8,13.9
2026pawar,1168,103.4,10.2,10
2026pawar,2559,94.9,10.7,10.7
2026pawar,2607,105.8,13.3,13.3
2026pawar,3314,114,12.6,12.6
2026pawar,5181,113.7,11.8,11.9
2026pawar,5407,87,12.8,12.7
2026pawar,5490,113.2,11,10.9
2026pawar,6226,83.7,11.4,11.5
2026pawar,6808,111.9,12.5,10.1
2026pawar,6921,113.6,15.9,16.7
2026pawar,9014,81.3,13,13.1
2026pawar,9416,68.3,11.8,11.7
2026pawar,10070,84,11.2,11.4
2026pawar,10157,108.5,11.7,11.6
2026pawar,10170,61.5,9.7,9.6
2026pawar,10600,94.5,17.4,17.3
2026pawar,10918,98.5,11.5,11.5
2026pawar,10949,81.5,12.1,12.3
2026pawar,10989,86.3,8.4,7.8
2026pawar,10993,114,12.4,12.4
2026pawar,10997,83.9,11.7,11.7
2026pawar,11225,61.5,10,10.6
2026pawar,11366,54.2,10.8,13.6
2026pncmp,360,111.6,13,12.8
2026pncmp,488,108.4,13.1,13.3
2026pncmp,492,113.9,13.9,14.4
2026pncmp,753,114.9,10.8,11
2026pncmp,948,115,15.1,15.1
2026pncmp,955,113.5,11.1,10.6
2026pncmp,957,110.1,9,9
2026pncmp,997,111.3,14.2,13.9
2026pncmp,1294,114.3,14.1,14.2
2026pncmp,1318,108.1,10,10
2026pncmp,1425,114.6,12.9,12.8
2026pncmp,1540,113.5,14.2,14
2026pncmp,1595,114.7,13.6,14.2
2026pncmp,1778,108.7,12.6,12.1
2026pncmp,1983,108.1,12.3,12.4
2026pncmp,2046,114.1,15.6,15.4
2026pncmp,2374,104.6,14,14
2026pncmp,2412,101.8,21.9,21.8
2026pncmp,2471,113.9,13.2,13.2
2026pncmp,2521,112.8,14.6,14.8
2026pncmp,2522,113.5,11.4,11.3
2026pncmp,2811,114,19.7,19.1
2026pncmp,2910,114.7,15.7,15.5
2026pncmp,2926,86.4,12.7,12.7
2026pncmp,2976,106,14,13.9
2026pncmp,3218,114.6,9.6,9.5
2026pncmp,3663,112.6,14.6,14.6
2026pncmp,3674,114.5,9.3,9.3
2026pncmp,4061,99.5,10.7,10.7
2026pncmp,4089,101.7,15.3,15.2
2026pncmp,4125,112.2,14.5,14.3
2026pncmp,4131,100.2,11.6,11.6
2026pncmp,4450,113.8,15.1,15.9
2026pncmp,4469,114,12.1,12.1
2026pncmp,4488,111.9,17.6,17.6
2026pncmp,4512,108.6,10.3,10.4
2026pncmp,4915,114.5,11.6,11.8
2026pncmp,5468,107.9,16,15.8
2026pncmp,5937,113.8,11.5,10.7
2026pncmp,6696,112.8,8.5,8.6
2026pncmp,7034,112,13.1,13.2
2026pncmp,8051,114.4,17,16.1
2026pncmp,8248,108,12.1,12.6
2026pncmp,8896,83.2,13.6,13.4
2026pncmp,9023,114.9,9.8,9.8
2026pncmp,9430,108.3,10.4,10.4
2026pncmp,9450,98,14.6,14.5
2026pncmp,10079,110,13.2,12.9
2026pncmp,10416,102.3,14.1,13.6
2026pncmp,10991,85.9,12,10.8
2026qcmo,296,85,5.6,6.1
2026qcmo,2626,107.2,10.9,11.3
2026qcmo,3117,113.1,13.1,13.2
2026qcmo,3360,112.7,10.6,10.5
2026qcmo,3532,90.2,12.5,12.5
2026qcmo,3533,83.3,9.4,8
2026qcmo,3544,114.3,12.1,12.2
2026qcmo,3550,101.7,9.6,9.6
2026qcmo,3975,73.8,13.5,16.7
2026qcmo,3985,90.3,9.6,8.9
2026qcmo,3986,115,12.9,13.2
2026qcmo,3996,109.2,10.1,10.5
2026qcmo,4627,100.7,15.6,14.7
2026qcmo,4947,106.7,12.6,12.6
2026qcmo,4952,109.4,11.3,12.4
2026qcmo,4955,82.7,9.5,9.6
2026qcmo,5439,110.7,10.5,10.9
2026qcmo,5443,85,9.4,9.3
2026qcmo,5528,108.4,10.7,10.2
2026qcmo,5618,100.9,9.6,9.6
2026qcmo,5800,104.5,10.3,10.3
2026qcmo,6364,112.4,11.4,11.4
2026qcmo,6622,92.9,9.2,8.1
2026qcmo,6869,94.7,8.6,8.6
2026qcmo,6872,91.4,13,13
2026qcmo,6929,99.8,11.5,11.9
2026qcmo,7471,83.4,14.7,14.9
2026qcmo,7605,103.2,7.9,9.5
2026qcmo,7700,80.9,9.5,9.5
2026qcmo,8067,114.3,12.2,12.5
2026qcmo,8132,114.2,12.7,12.6
2026qcmo,8152,95.1,12.5,12.5
2026qcmo,8224,90.4,9.7,9.5
2026qcmo,9220,80.4,11.4,11.4
2026qcmo,9234,114.8,13.7,13.7
2026qcmo,9624,112.3,9.7,9.7
2026rikin,78,115,5,5
2026sccha,342,113.5,11.5,11.7
2026sccha,1293,73.8,10.8,10.8
2026sccha,1648,114.8,14.7,14.4
2026sccha,3489,101.1,10.6,11.8
2026sccha,3490,114.9,13.9,14
2026sccha,3976,69.4,12.9,12.7
2026sccha,4083,55.7,10.6,10.6
2026sccha,4451,103.5,12.1,12.1
2026sccha,4533,105.2,12.3,12.4
2026sccha,4864,54.1,9.9,9.8
2026sccha,6167,76.4,11.7,11.7
2026sccha,6366,98.2,13.6,13.9
2026sccha,7085,63.9,17.8,17.6
2026sccha,8116,100.1,16.3,15.9
2026sccha,8137,77.5,10.7,10.1
2026sccha,8430,74.1,16.1,16
2026sccha,9496,114.1,11.7,12.5
2026sccha,10231,63.3,8.8,10.9
2026sccha,10361,60.2,10.3,9.4
2026sccha,10367,54.9,10.9,11.1
2026sccha,10388,56,10.5,10.5
2026sccha,10591,60.5,14.1,13.2
2026sccha,10619,64.6,12.8,12.8
2026sccha,11167,63.7,10.8,10.8
2026sccha,11254,76.8,10.9,11.3
2026sccha,11398,60.2,9,9.5
2026sccha,11424,77.2,13.1,12.8
2026sccmp,281,111.4,11.5,11.7
2026sccmp,342,112.8,11.1,11.2
2026sccmp,343,109.6,23.8,24.3
2026sccmp,1102,102.5,10.9,11
2026sccmp,1287,113.5,15.5,14.6
2026sccmp,1293,74.7,10.8,10.8
2026sccmp,1319,112,11.6,11.5
2026sccmp,1758,98.7,13.7,13.8
2026sccmp,2815,97.8,14.4,14.6
2026sccmp,3489,101,10.4,11.8
2026sccmp,3490,114.7,14,14
2026sccmp,4083,59.4,10.8,10.8
2026sccmp,4451,109.5,12.2,12.2
2026sccmp,4533,109.5,11.9,12
2026sccmp,4864,65.4,10.2,10
2026sccmp,6167,85.9,12,11.5
2026sccmp,6366,112.6,13.1,13.4
2026sccmp,7085,66.6,17.9,17.7
2026sccmp,8137,77.8,10.5,10.2
2026sccmp,8575,104.4,12.1,14.1
2026sccmp,9315,53,9.8,10
2026sccmp,10231,55.7,11.7,12.6
2026sccmp,10367,62.7,10.8,11.4
2026sccmp,10388,70.3,10.8,10.8
2026sccmp,10591,58.8,10.8,12
2026sccmp,10619,64.7,11.4,11.4
2026sccmp,11167,64,10.9,10.9
2026sccmp,11254,80.3,8.2,8.2
2026sccmp,11308,67.4,10,9.9
2026sccmp,11398,55.3,9.5,9.6
2026sccmp,11424,86.4,12.7,12.6
2026schar,281,112.2,11.5,11.7
2026schar,342,114.9,11.4,11.6
2026schar,343,107.9,23.8,25.3
2026schar,1051,113.6,13.8,13.9
2026schar,1102,111.3,10.6,10.9
2026schar,1287,115,15.7,14.6
2026schar,1319,110,11.6,12
2026schar,1758,98.5,13.7,13.8
2026schar,2815,98.2,14.4,14.6
2026schar,3489,106.1,10.6,11.9
2026schar,3490,112,14,14.1
2026schar,4533,106.8,12.2,12.3
2026schar,6167,86.1,11.7,11.8
2026schar,6366,112.2,13.6,14
2026schar,6961,62.5,11.4,11.3
2026schar,7085,67.5,17.8,17.6
2026schar,8137,75.8,10.5,10.2
2026schar,8575,104.5,13.3,11.3
2026schar,9315,52.5,9.8,9.7
2026schar,10231,58.2,11.8,12.6
2026schar,10361,58.8,10.6,10.4
2026schar,10367,58.5,10.7,11.4
2026schar,10591,62.8,13.5,13.1
2026schar,10599,54.4,606.5,606.5
2026schar,11167,66.1,11.7,11.6
2026schar,11254,80.1,8.1,8.2
2026schar,11308,67.6,10.8,10.6
2026schar,11368,60.9,10.7,11.3
2026schar,11398,52.7,9,9.5
2026schar,11424,76.6,13.2,13.2
2026schar,11475,36.4,9.2,10.1
2026schop,281,114.2,11.5,11.8
2026schop,343,106.2,24.9,24.9
2026schop,1051,113.3,13.9,13.9
2026schop,1102,108.5,10.6,11.3
2026schop,1287,114.9,15.6,14.6
2026schop,1293,74.1,10.8,10.8
2026schop,1319,111.4,11.7,11.6
2026schop,1758,96.6,13.8,13.9
2026schop,2815,95.1,14.3,14.3
2026schop,3976,60.2,11.7,11.4
2026schop,4083,56.1,10.7,10.7
2026schop,4451,103.9,12.3,12.3
2026schop,4864,55.7,9.9,9.8
2026schop,5484,113.9,11,10.7
2026schop,6004,90.4,17.8,13.1
2026schop,6961,62.1,12,11.7
2026schop,8575,106.6,11.6,13.4
2026schop,9005,79.8,10,10.4
2026schop,9315,55.1,9.8,10.1
2026schop,9477,71.9,11.9,12.4
2026schop,10388,58.1,10.9,10.9
2026schop,10599,55,10,10
2026schop,10619,65.8,12.5,12.6
2026schop,11308,65.6,10.1,9.9
2026schop,11368,61.2,10.6,11
2026schop,11475,36.8,10.2,9.4
2026tnkn,379,113.2,11.5,11.6
2026tnkn,547,60.7,10.6,11.1
2026tnkn,1038,111.9,16.8,14.9
2026tnkn,1369,104.3,13.3,13.3
2026tnkn,1445,63.5,13.3,13.2
2026tnkn,1466,90.1,10.2,9.7
2026tnkn,2393,101.8,12.1,11.7
2026tnkn,2783,110.7,10.7,10.8
2026tnkn,2856,101.1,11.8,11.5
2026tnkn,3102,111.8,12.2,12.3
2026tnkn,3138,94.2,11.2,11.2
2026tnkn,3140,103.3,10.1,10.1
2026tnkn,3492,107.9,9.2,9.2
2026tnkn,3814,91.1,12.1,11.7
2026tnkn,3821,63.6,11,11
2026tnkn,3824,110.6,8.2,8.6
2026tnkn,3843,112.6,16.8,16.8
2026tnkn,3959,110,12.7,12.3
2026tnkn,3966,101.6,14,13.5
2026tnkn,3984,87.4,12,12.2
2026tnkn,4013,113.2,13.5,12.9
2026tnkn,4020,104.3,14.9,14.6
2026tnkn,4065,108.7,8.9,9.4
2026tnkn,4265,113.3,10.6,10.7
2026tnkn,4504,105.5,9.6,9.4
2026tnkn,4576,108.8,17.4,17.4
2026tnkn,4630,76,13.6,13.6
2026tnkn,4674,97.6,10.2,11
2026tnkn,5276,87,17.8,17.8
2026tnkn,5492,114.1,12,11.8
2026tnkn,5744,61.4,10.5,10.5
2026tnkn,6302,103.7,9.7,9.8
2026tnkn,6517,110.4,14.4,15.5
2026tnkn,6774,70.8,9.4,9.4
2026tnkn,7111,101.3,16.8,16.4
2026tnkn,7428,62.4,6.8,6.7
2026tnkn,7516,78.3,8.9,9.6
2026tnkn,7525,93.7,12.9,12.7
2026tnkn,7917,89.7,13.6,13.6
2026tnkn,8778,83.7,11.7,12.8
2026tnkn,9097,108.9,18.4,18.4
2026tnkn,9152,86.2,10.6,10.6
2026tnkn,9668,84.6,11.8,10.8
2026tnkn,10137,65.5,9.7,9.3
2026tnkn,11275,64.7,11.7,12.2
2026tnkn,11337,61.5,11.9,11.2
2026tuak,6025,114.6,16.4,17.2
2026tuak,6989,115,9.6,9.6
2026tuak,7539,114.4,12.6,12.1
2026tuak,7594,110.7,14.1,13.6
2026tuak,7672,96.8,12.5,12.5
2026tuak,8220,84.7,9.9,9.9
2026tuak,8500,94.1,6.9,6.9
2026tuak,8777,69.2,11,11
2026tuak,8783,101.6,11.7,11.1
2026tuak,9021,91.3,9,10.3
2026tuak,9025,115,14.8,14.8
2026tuak,9029,113.8,8.8,8.8
2026tuak,9074,96.3,12.6,12.3
2026tuak,9232,101,26,25.3
2026tuak,9467,60,8.8,9.2
2026tuak,9473,92.6,13.7,12.3
2026tuak,9479,77.8,9.3,9.3
2026tuak,9502,62.6,10.2,9.3
2026tuak,9523,113.8,10.5,10.3
2026tuak,9583,49.6,14.3,13.7
2026tuak,9609,110.7,13.2,13.4
2026tuak,10043,107.1,13.7,13.7
2026tuak,10142,76.7,8.8,8.8
2026tuak,10216,97.7,11.4,11.4
2026tuak,10244,65.5,12.1,11.7
2026tuak,10247,70.1,11.3,11.3
2026tuak,10353,57.3,10.2,10.1
2026tuak,10470,91.7,11.5,11.9
2026tuak,10502,114,11.9,11.7
2026tuak,10548,50.3,11,11
2026tuak,11141,114.6,10.2,10.2
2026tuak,11154,91.3,8.6,8.6
2026tuak2,4191,96.8,10.6,10.6
2026tuak2,5665,114.2,9.3,13.2
2026tuak2,6399,114.9,5.4,5.6
2026tuak2,6430,84.7,11,11
2026tuak2,6431,114.4,14.6,14.6
2026tuak2,6874,107.1,11.1,10.6
2026tuak2,7539,114.2,12.3,12.1
2026tuak2,7594,111.8,14.1,13.4
2026tuak2,8056,106.9,9.7,9.9
2026tuak2,8079,110.2,12.4,12.4
2026tuak2,8557,113.8,12.3,11.9
2026tuak2,8561,114.6,9.5,9.5
2026tuak2,8780,93.9,8.4,8.4
2026tuak2,8828,112.4,11.1,11.9
2026tuak2,8863,112.2,9.7,11.5
2026tuak2,9247,96.6,11.9,11.9
2026tuak2,9583,50.3,14.5,15
2026tuak2,9609,110.7,12.8,13.2
2026tuak2,10180,112.4,7.9,7.9
2026tuak2,10246,86,11.5,10.6
2026tuak2,10396,103.2,13.6,13.2
2026tuak2,10472,81.4,8.1,8.1
2026tuak2,10478,72.8,8.4,8.4
2026tuak2,10542,112.7,9.7,9.7
2026tuak2,10940,69.7,9.3,9.3
2026tuak2,10998,58,10.1,9.2
2026tuak2,11022,45.9,9.7,9.9
2026tuak2,11064,72.5,9.1,9.1
2026tuak2,11098,69,12.3,12.3
2026tuak2,11099,76.3,11.4,11.9
2026tuak2,11141,112,9.3,9.3
2026tuak2,11257,57.8,10.1,11
2026tuak2,11300,83.3,14.6,14.6
2026tuhc,2905,112.2,13.9,13.7
2026tuhc,6014,104.5,12.3,12.3
2026tuhc,6228,108.7,13.2,13.2
2026tuhc,6429,107.8,13,14.6
2026tuhc,6985,114.9,9.7,9.7
2026tuhc,7050,60.8,11.2,11
2026tuhc,7444,110.7,11.9,12.3
2026tuhc,7840,113.1,10.6,10.4
2026tuhc,8151,101,11.7,11.5
2026tuhc,8182,98.5,9.7,9.3
2026tuhc,8308,112,13.7,13.4
2026tuhc,8595,110,11,10.6
2026tuhc,8759,42.1,10.4,10.4
2026tuhc,8806,114.4,11.7,9.5
2026tuhc,8859,105.4,12.8,12.8
2026tuhc,9020,41.4,10.6,10.4
2026tuhc,9025,114.6,14.6,14.6
2026tuhc,9089,104.1,10.6,10.6
2026tuhc,9231,112.4,11.7,10.6
2026tuhc,9232,114.2,12.1,11.7
2026tuhc,9247,110.5,10.8,11
2026tuhc,9497,63.9,11.9,11.9
2026tuhc,9555,60.2,10.1,10.1
2026tuhc,9591,95.2,7.1,7.1
2026tuhc,10202,103.2,12.1,12.6
2026tuhc,10203,58.4,7.1,9.9
2026tuhc,10236,61.7,8.6,8.4
2026tuhc,10243,114.9,15.2,14.8
2026tuhc,10251,99.9,13.2,13
2026tuhc,10383,109.1,8.8,8.8
2026tuhc,10445,66.6,10.6,10.6
2026tuhc,10521,105.6,13.4,13.4
2026tuhc,10549,75.8,11,10.1
2026tuhc,10598,103,11,11
2026tuhc,10689,88.6,12.8,12.8
2026tuhc,11010,108.2,12.3,11.9
2026tuhc,11216,106.5,6.8,6.8
2026tuhc,11335,61.9,11.9,11.9
2026tuhc,11371,114.9,14.3,14.3
2026tuhc,11388,74.3,12.8,13
2026tuhc,11392,68.6,11.7,11.7
2026tuhc,11442,62.2,11.5,11
2026tuhc,11453,100.5,14.6,14.6
2026tuis,3646,114.6,12.3,13.2
2026tuis,4191,46.3,11.7,11
2026tuis,4481,112.7,15,15
2026tuis,5883,112.4,11.7,10.6
2026tuis,6064,78,10.4,10.4
2026tuis,6431,111.6,8.4,8.6
2026tuis,6436,110,12.6,12.6
2026tuis,7296,97.4,7.1,7.1
2026tuis,7611,96.1,13.4,13.4
2026tuis,8153,72.3,10.8,10.8
2026tuis,8242,48.1,13.4,12.6
2026tuis,8557,110,11.5,11
2026tuis,9029,115,9.3,9.5
2026tuis,9077,111.1,13.9,13.9
2026tuis,9132,66.1,7.5,7.9
2026tuis,9233,114,9,9.5
2026tuis,9483,110.9,12.6,12.3
2026tuis,9583,52,13,13
2026tuis,9595,75.8,9.7,9.7
2026tuis,9601,62.8,10.1,10.1
2026tuis,10043,107.4,13.2,13.2
2026tuis,10050,73,10.6,10.8
2026tuis,10064,47.8,13.4,13.9
2026tuis,10141,75.5,3.6,4.5
2026tuis,10146,85.1,12.3,12.6
2026tuis,10308,62.4,10.4,10.6
2026tuis,10428,109.8,13.4,13.4
2026tuis,11000,60,12.6,12.3
2026tuis,11036,73.4,11.5,11.7
2026tuis,11244,59.5,10.8,11.7
2026tuis,11416,82.5,11.7,11.7
2026tuis2,5665,107.8,14.8,14.3
2026tuis2,5773,97.7,16.3,17.4
2026tuis2,5883,112.9,11.7,10.6
2026tuis2,6417,113.3,11.9,11.9
2026tuis2,6431,111.3,8.2,8.6
2026tuis2,6838,111.7,13.7,13.7
2026tuis2,6948,100.3,8.6,9.3
2026tuis2,6988,86.7,6.8,6.8
2026tuis2,7632,113.3,18.3,18.1
2026tuis2,7672,108,11.2,11.2
2026tuis2,7729,63.3,9,8.6
2026tuis2,8169,112.9,12.6,12.6
2026tuis2,8725,108.9,13.9,13.9
2026tuis2,9001,103.4,7.3,7.3
2026tuis2,9079,96.1,8.2,8.4
2026tuis2,9427,108.9,9.7,10.1
2026tuis2,9441,59.1,11.7,12.6
2026tuis2,9468,78.9,8.6,8.6
2026tuis2,9583,50.7,13.4,13.4
2026tuis2,9610,48.5,13,11.9
2026tuis2,10213,108.5,12.6,12.3
2026tuis2,10244,39.2,11.7,11.7
2026tuis2,10261,78.9,9.9,10.6
2026tuis2,10428,112,12.3,12.3
2026tuis2,10914,27.5,3.5,3.4
2026tuis2,10920,58.9,10.1,10.1
2026tuis2,11095,65.3,11.2,11.2
2026tuis2,11164,61.5,9,8.4
2026tuis2,11166,61.9,8.6,9.3
2026tuis2,11255,28.1,4.3,4.3
2026tuis2,11266,62.6,12.1,13.2
2026tuis2,11365,67.9,10.4,9.7
2026tuis2,11401,71.4,8.8,11.9
2026tuis3,5655,94.6,15.7,15.7
2026tuis3,5665,114.6,9.3,9.3
2026tuis3,6038,94.4,9.7,9.7
2026tuis3,6459,114.9,11.9,11.7
2026tuis3,6941,110.6,3.2,3
2026tuis3,6948,113.4,10.1,9.9
2026tuis3,7086,68.8,9.7,9.7
2026tuis3,7466,80.7,9.7,10.6
2026tuis3,7742,88.2,12.3,12.3
2026tuis3,8056,102.3,9.7,9.7
2026tuis3,8153,75.8,11.9,11.5
2026tuis3,8159,113.3,12.3,11.2
2026tuis3,8209,80.9,13.2,14.6
2026tuis3,8595,109.3,11,10.6
2026tuis3,8747,69.2,10.8,9.9
2026tuis3,8795,113.5,9.3,11
2026tuis3,8806,114.6,11.5,9.7
2026tuis3,9020,82,10.6,10.4
2026tuis3,9025,114.6,15.9,15.9
2026tuis3,9026,91.7,13.2,13.2
2026tuis3,9028,103.4,9.9,9.9
2026tuis3,9043,75,10.1,9.9
2026tuis3,9231,106.7,11.9,11
2026tuis3,9451,63.3,10.1,10.1
2026tuis3,9468,114.6,7.3,7.3
2026tuis3,9692,108.7,12.8,13
2026tuis3,10131,112.9,15.4,15.4
2026tuis3,10132,63.9,9.7,9.7
2026tuis3,10185,100.5,9.5,9
2026tuis3,10205,97.4,14.6,14.6
2026tuis3,10234,111.6,9.9,10.1
2026tuis3,10383,109.3,9,8.2
2026tuis3,10502,114.9,11.5,11.9
2026tuis3,10576,87.5,13.7,13.7
2026tuis3,10598,110,8.8,8.8
2026tuis3,10947,94.4,12.6,12.3
2026tuis3,10953,64.6,10.6,10.1
2026tuis3,10959,64.8,12.3,12.8
2026tuis3,10999,65,10.1,9.7
2026tuis3,11000,63.5,12.8,13
2026tuis3,11120,62.6,10.6,11
2026tuis3,11216,106.7,6.6,6.6
2026tuis3,11240,62.2,11.5,11.5
2026tuis4,2905,115,13.7,13.4
2026tuis4,4481,114,14.8,14.8
2026tuis4,5553,112.9,11,8.8
2026tuis4,6014,102.7,11.5,11
2026tuis4,6232,92.4,12.1,11.2
2026tuis4,6417,113.3,11.9,11.9
2026tuis4,6838,112.4,13.7,13.7
2026tuis4,6988,87.3,6.8,6.8
2026tuis4,6989,114.6,9.3,9.3
2026tuis4,7576,110.2,12.1,11.9
2026tuis4,7632,114.9,18.1,18.5
2026tuis4,7742,88.6,9.5,9.5
2026tuis4,8042,66.4,8.6,10.1
2026tuis4,8079,107.1,12.3,12.6
2026tuis4,8084,112,14.6,14.6
2026tuis4,8151,107.8,11.7,11.5
2026tuis4,8169,113.5,12.8,12.8
2026tuis4,8584,83.3,9,9
2026tuis4,8725,108.9,13.9,13.9
2026tuis4,9079,99.2,8.2,8.4
2026tuis4,9102,83.8,10.1,9.7
2026tuis4,9427,110,9.7,10.1
2026tuis4,9519,114.6,10.1,10.1
2026tuis4,9601,66.1,10.1,10.1
2026tuis4,10064,73.4,13.2,13.9
2026tuis4,10396,108.5,12.8,13.2
2026tuis4,10907,86.9,11,11
2026tuis4,11010,100.8,11.9,11.2
2026tuis4,11300,81.8,14.1,14.3
2026tuis5,6232,94.6,12.8,11.5
2026tuis5,6415,82.2,11.5,11.5
2026tuis5,6459,114,11.9,11.9
2026tuis5,7035,91.3,12.6,12.3
2026tuis5,7298,69.9,9.3,11
2026tuis5,7439,107,12.3,13.7
2026tuis5,7536,113.5,9.9,9.7
2026tuis5,7576,105.6,12.3,11.9
2026tuis5,7748,78.5,13.4,14.6
2026tuis5,7758,81.6,12.8,12.3
2026tuis5,8084,108.5,15,14.3
2026tuis5,8092,109.4,6.6,6.6
2026tuis5,8158,91.3,10.4,10.4
2026tuis5,8263,24.4,5,5.2
2026tuis5,8264,94.8,10.6,13
2026tuis5,8784,97.7,9.5,10.1
2026tuis5,9024,98.5,11.9,11
2026tuis5,9043,88.4,10.4,9.9
2026tuis5,9264,63.5,10.6,11.5
2026tuis5,9483,111.8,12.6,12.3
2026tuis5,9545,114.6,17.2,17.2
2026tuis5,9692,107.4,12.8,13
2026tuis5,9694,89.9,13.4,13.7
2026tuis5,10131,114.2,15.4,15.4
2026tuis5,10234,114,10.1,10.6
2026tuis5,10415,51.4,14.3,14.3
2026tuis5,10425,60.4,14.6,14.6
2026tuis5,10542,115,9.7,9.7
2026tuis5,10604,92.4,10.4,10.1
2026tuis5,10623,66.4,8.8,7.5
2026tuis5,10675,65.7,11,11
2026tuis5,10692,103.8,12.3,12.1
2026tuis5,10906,78.3,11.7,11.5
2026tuis5,10932,76.7,16.5,15.7
2026tuis5,10951,85.7,6.9,6.9
2026tuis5,11303,61.3,11.7,15
2026tuis5,11371,112.4,17.2,16.3
2026tuis5,11382,72.3,10.6,10.6
2026tuis5,11389,63.9,14.8,14.8
2026tuis5,11404,62.4,14.1,14.1
2026txcl2,118,112.6,10.5,11.1
2026txcl2,127,99.5,9.9,10.1
2026txcl2,231,100.4,10,10.1
2026txcl2,324,115,14.2,14.2
2026txcl2,457,90.4,12.1,11
2026txcl2,2585,98.8,12.7,12.7
2026txcl2,2587,84.2,12.9,12.9
2026txcl2,2882,76.6,14.5,14.4
2026txcl2,2969,63.8,9.9,10.8
2026txcl2,3481,109.4,18.2,18.2
2026txcl2,3676,97.6,12.5,15.3
2026txcl2,3728,83.3,11.4,12.5
2026txcl2,3735,106.7,11.6,11.3
2026txcl2,3847,114.4,11.3,11.4
2026txcl2,4587,114.6,8.2,8.4
2026txcl2,5070,63.5,9.2,10
2026txcl2,5427,106.9,12.5,12
2026txcl2,5829,109.3,12.1,12.1
2026txcl2,5908,67.2,10.9,10.9
2026txcl2,5986,67.9,11.9,11.9
2026txcl2,6488,66.8,9.3,9.5
2026txcl2,7091,61.8,10.6,10.6
2026txcl2,7312,102.4,12.5,12.7
2026txcl2,7616,69.3,11.2,10.4
2026txcl2,7691,114.6,14.2,14.7
2026txcl2,8515,101.5,10.7,10.5
2026txcl2,8576,114.7,12.4,12.4
2026txcl2,9181,85.2,9.7,11.5
2026txcl2,9307,91.2,13.5,13.6
2026txcl2,9512,114.6,11.9,11.5
2026txcl2,9658,77.7,12.8,12.8
2026txcl2,10904,61.6,11,10.5
2026txcl2,11132,76.1,12.1,12.6
2026txcl2,11242,84.7,9.5,9.6
2026txcmp1,118,113.8,11.4,11.4
2026txcmp1,324,114.7,14.7,14.7
2026txcmp1,624,114.7,14.1,13.7
2026txcmp1,1255,43.9,13.2,13.2
2026txcmp1,1296,112.3,9.5,9.7
2026txcmp1,1477,110.6,13.1,13.1
2026txcmp1,2468,114.7,13.8,12.7
2026txcmp1,2582,110.1,22,22.6
2026txcmp1,2587,86.9,12.9,13
2026txcmp1,2687,95,9.5,12.1
2026txcmp1,2728,106.8,15.3,14.9
2026txcmp1,2881,103.3,12.5,13
2026txcmp1,3005,101.3,15.4,15.7
2026txcmp1,3481,111.1,18.1,18.2
2026txcmp1,3676,98,12.7,15.4
2026txcmp1,3679,101,13.7,13.4
2026txcmp1,3735,103.2,11.7,11.3
2026txcmp1,3847,114,11.2,11.4
2026txcmp1,4295,90.3,12.5,12.7
2026txcmp1,4734,112.8,13.2,13.7
2026txcmp1,5261,94.2,9.8,11.8
2026txcmp1,5417,110.2,7.2,7.3
2026txcmp1,5829,112.3,12.8,12.8
2026txcmp1,5892,108,11.9,11.9
2026txcmp1,6377,114.3,12.6,12.6
2026txcmp1,6672,105.2,20.5,20.7
2026txcmp1,6800,112.5,14.6,14
2026txcmp1,6901,98.7,10.2,9.5
2026txcmp1,7503,111.8,12.6,11.2
2026txcmp1,7506,114.7,12.2,12.5
2026txcmp1,7691,105.2,18.6,18.6
2026txcmp1,8088,95.2,14.3,14
2026txcmp1,8370,113.8,13.4,13.5
2026txcmp1,8507,102.7,10.8,11.1
2026txcmp1,9418,115,16.3,16.3
2026txcmp1,9444,83.7,12.7,12.7
2026txcmp1,9492,103.9,14.4,14.3
2026txcmp1,9577,113.6,13.4,14.2
2026txcmp1,10014,103.6,12.4,13.1
2026txcmp1,10032,111,9.1,9.1
2026txcmp1,10340,114.2,10.8,10.8
2026txcmp1,10994,65.3,13.6,13.6
2026txcmp1,11200,64.2,13.4,10.9
2026txcmp1,11242,88.4,9.8,9.5
2026txcmp1,11277,91,11,10.3
2026txcmp2,127,103.9,10.1,9.9
2026txcmp2,148,112.4,20.9,21
2026txcmp2,231,102.7,10,10.1
2026txcmp2,418,114.4,12.3,12.3
2026txcmp2,457,90.7,12.2,11.1
2026txcmp2,2158,113.9,15,14.9
2026txcmp2,2583,113.3,16.1,16
2026txcmp2,2689,76,12.3,12.3
2026txcmp2,2714,114.7,14.2,14.9
2026txcmp2,2848,115,19.9,19.5
2026txcmp2,3035,109.3,13.5,13.2
2026txcmp2,3310,114.6,9.9,10.4
2026txcmp2,3561,94.1,12.3,12.7
2026txcmp2,4063,108.1,12.6,12.9
2026txcmp2,4153,99.5,8.8,8.8
2026txcmp2,4192,114.4,16.2,16.2
2026txcmp2,4206,105.1,15.3,15.5
2026txcmp2,4639,106.6,10.6,10.7
2026txcmp2,5411,102.6,14.6,14.3
2026txcmp2,5414,106.8,13.5,13.6
2026txcmp2,5427,106,12.6,12
2026txcmp2,5503,80,10.7,10.7
2026txcmp2,5572,103.4,12.8,12.8
2026txcmp2,6357,110.2,9.7,9.9
2026txcmp2,6369,113.8,10.2,10.1
2026txcmp2,6773,114.7,10.7,10.8
2026txcmp2,7312,106.6,12.5,12.6
2026txcmp2,7492,114.9,13.9,13.7
2026txcmp2,7616,96.2,9.8,9.8
2026txcmp2,8114,111.3,9.8,9.9
2026txcmp2,8177,111.5,14.6,14.7
2026txcmp2,8576,114.4,12.5,12.5
2026txcmp2,8749,112.3,8.8,9.2
2026txcmp2,8769,87.4,11.5,10.2
2026txcmp2,8818,91,15.6,15.4
2026txcmp2,8858,112.7,12.6,12.6
2026txcmp2,9128,114.9,10.7,10.8
2026txcmp2,9136,104.6,14.8,15.4
2026txcmp2,9140,103.9,9.1,9.2
2026txcmp2,9506,112.3,14.6,14.6
2026txcmp2,10385,105.5,11.3,11.2
2026txcmp2,10518,108.4,11.2,10.8
2026txcmp2,10913,89.3,15.4,15.6
2026txcmp2,11169,77.4,15.5,15.5
2026txcmp2,11178,63.8,11,11.3
2026txdri,2158,115,15.8,16
2026txdri,2468,111.6,13.5,14.6
2026txdri,2687,93.8,9.6,11.9
2026txdri,2689,74.4,11.7,11.8
2026txdri,2950,100.7,11.5,11.5
2026txdri,3035,104.9,13.6,13.9
2026txdri,4219,103.1,10,9.9
2026txdri,4328,65.7,10.5,10.5
2026txdri,4332,112,10.2,10.2
2026txdri,4364,72.1,7.4,7.2
2026txdri,4597,63.2,11.4,11.4
2026txdri,4639,104.5,10.5,10.5
2026txdri,5503,90.6,10.8,10.8
2026txdri,5894,61.8,9.9,10
2026txdri,6357,108.7,8.6,8.9
2026txdri,7088,89.3,15.3,15.3
2026txdri,7138,76.4,11.2,11.7
2026txdri,7521,106.7,13.4,13.2
2026txdri,8088,93.4,14.5,14.2
2026txdri,8114,114,9.7,9.8
2026txdri,8507,90.4,10.8,11
2026txdri,9137,108.7,13.2,13.2
2026txdri,9311,109.5,13.6,13.4
2026txdri,9444,89,12.9,12.9
2026txdri,9478,97.9,14.3,14.8
2026txdri,9577,114.2,13.3,14.2
2026txdri,10032,110.5,9.7,9.2
2026txdri,10385,102.5,11.3,11.3
2026txdri,10913,85.2,32.2,32
2026txdri,11169,76.4,11.3,11.7
2026txdri,11224,77.4,15.2,14.5
2026txfar,1296,103.5,9.4,9.7
2026txfar,1745,108.3,11.5,11.1
2026txfar,2582,110.8,21.9,22.5
2026txfar,2848,112,20,19.6
2026txfar,3005,92.6,15.2,15.5
2026txfar,3282,46.6,11.2,11.4
2026txfar,4641,75,16.4,16.4
2026txfar,4717,114.9,12.1,12.3
2026txfar,5411,102.8,14.4,14.1
2026txfar,5431,113.5,12.4,12.3
2026txfar,5682,65.8,7.6,7.6
2026txfar,5790,111.5,10,9.9
2026txfar,6171,76.6,12.7,12.3
2026txfar,6526,78.5,7.1,7.1
2026txfar,6773,115,10.7,10.7
2026txfar,7091,62,9.7,9.7
2026txfar,7119,106.6,10.7,10.2
2026txfar,7121,108.9,12.2,12.2
2026txfar,7125,73.6,13.1,12.6
2026txfar,7503,109.6,11.5,11.5
2026txfar,7506,111.6,12.3,12.3
2026txfar,8408,91.7,11.9,11.9
2026txfar,8749,108.5,9.2,9.1
2026txfar,8816,114.6,11.7,12.6
2026txfar,8858,109.9,12.5,12.5
2026txfar,9034,115,14.3,14.2
2026txfar,9105,102.3,14.3,13.9
2026txfar,9128,105.5,10.8,10.8
2026txfar,9289,113.6,12.5,10.4
2026txfar,9492,99.2,14.2,14.2
2026txfar,10340,107.5,10.9,10.9
2026txfor,148,110.3,22.3,22.3
2026txfor,1164,113.6,15.5,15.4
2026txfor,2714,114.8,14.1,14.8
2026txfor,2728,103.8,13.9,13.8
2026txfor,3005,91.5,15.2,15.5
2026txfor,3310,106.4,9.8,10.3
2026txfor,3676,82.5,11.4,11.5
2026txfor,4076,81.9,11.7,11.1
2026txfor,4153,109.6,8.2,8.1
2026txfor,4192,113.6,16.6,16.9
2026txfor,4206,103.4,14.6,15
2026txfor,4641,63.5,16.4,16.4
2026txfor,5212,53.9,15.2,15.2
2026txfor,6672,99.6,22.7,22.9
2026txfor,6901,90.8,9.6,10.9
2026txfor,7119,103.1,10.4,10
2026txfor,7121,97.4,12.2,12.2
2026txfor,7503,107.1,11.4,9.8
2026txfor,7534,50.3,9.6,13.1
2026txfor,7540,76.2,9.6,9.6
2026txfor,8858,111,12.4,12.4
2026txfor,9137,107.7,13.1,13.1
2026txfor,9786,60.9,9.2,9.2
2026txfor,10032,102.3,9.6,9
2026txhou,118,110.5,11,11
2026txhou,231,97,9.9,9.9
2026txhou,624,114.7,13.7,13.4
2026txhou,1255,41.2,13.1,13
2026txhou,2585,102.6,12.1,12.5
2026txhou,2882,81.6,14.4,14.4
2026txhou,4328,78.1,10.4,10.7
2026txhou,4587,79.7,8.1,7.6
2026txhou,5070,56.1,9,9.7
2026txhou,5261,91.5,9.7,13.3
2026txhou,5414,111.7,14.7,14.8
2026txhou,5726,90.2,14.4,14.7
2026txhou,5908,84.7,10.8,11.2
2026txhou,5923,105.4,13.7,14.1
2026txhou,6488,71.1,8.4,8.6
2026txhou,6645,80.2,12.4,12.4
2026txhou,7115,54.5,10.9,10.8
2026txhou,7691,113.8,14.5,14.6
2026txhou,8177,106.8,15.1,15.3
2026txhou,8515,99.3,10.7,10.5
2026txhou,8576,111.4,11.8,11.9
2026txhou,8818,72.4,15,12.9
2026txhou,9512,114.4,11.6,11.3
2026txhou,9521,62.9,8.5,7.1
2026txhou,10118,102,9,9
2026txhou,10904,58.6,11,10.4
2026txhou,11132,67.5,12,12.6
2026txhou,11178,61.6,10.9,11.2
2026txhou,11242,81,9.3,9.3
2026txhou,11277,79,11,10.3
2026txmca,118,111.5,11.1,11.4
2026txmca,2158,73.3,15.7,15.7
2026txmca,2583,113.8,16,15.9
2026txmca,4063,101.4,12.7,12.7
2026txmca,4295,78.6,12.6,12.7
2026txmca,4332,100,10.3,10.3
2026txmca,4597,60.2,10.9,10.9
2026txmca,5427,101.9,12.1,11.3
2026txmca,5829,113.1,12.1,12.1
2026txmca,5894,62.6,9.7,10.5
2026txmca,6180,63.2,7.5,9.1
2026txmca,7521,78.7,13.3,13.6
2026txmca,8573,96.1,12.9,12.9
2026txmca,8591,44.7,14.3,14.3
2026txmca,8750,101.4,13.2,13.2
2026txmca,8818,79.7,11.1,11.1
2026txmca,10118,99,10.7,10.8
2026txmca,10385,100.9,11.4,11.2
2026txsan,457,86,12.1,11.1
2026txsan,1745,104.1,11.5,11
2026txsan,2582,109.7,21.9,22.5
2026txsan,2657,79.6,12.2,11.7
2026txsan,2969,64.9,9.2,10.3
2026txsan,3035,108.1,12.5,11.2
2026txsan,3240,53.4,10.4,10.4
2026txsan,3481,109.1,18.7,18.7
2026txsan,3545,84,11.6,10.8
2026txsan,3561,89.1,12.2,12.4
2026txsan,3679,87.2,13.2,13.2
2026txsan,3735,103.9,11.3,10.6
2026txsan,4219,92.6,10,9.9
2026txsan,4610,100.4,15.8,15.8
2026txsan,4717,111.8,12.5,12.5
2026txsan,4734,112.4,13.7,14.1
2026txsan,5572,100.3,11.2,11.4
2026txsan,5726,86.6,14.4,14.8
2026txsan,6155,63.8,8.5,8.9
2026txsan,6357,108.9,7.6,7.7
2026txsan,6369,110.2,10.5,10.5
2026txsan,6974,99,13.1,13.9
2026txsan,8088,77.9,11.9,11.7
2026txsan,8114,110.1,9.7,9.8
2026txsan,8507,108.1,11,11.4
2026txsan,8732,82,10,10.1
2026txsan,9034,113.7,13.9,14.1
2026txsan,9136,109.6,12.5,11.7
2026txsan,9140,63.8,9.3,9.4
2026txsan,9311,45.2,13.8,13.7
2026txsan,9419,84.5,9.5,9.9
2026txsan,9444,76.3,12.8,12.8
2026txsan,9658,80.5,13.8,13.8
2026txsan,10312,109.5,10.3,10.3
2026txsan,10518,94.6,11,11.5
2026txsan,11169,77.7,11.1,11.6
2026txsan,11309,68.8,11.8,7.9
2026utwv,359,114.9,15,15
2026utwv,1566,103.5,13.5,13.5
2026utwv,1569,86.1,13.1,13.1
2026utwv,1708,112.1,12.2,12.1
2026utwv,1891,113.3,12.4,12.4
2026utwv,2122,107.2,15.8,16.8
2026utwv,2594,95.6,9.6,10
2026utwv,2726,110.8,13.6,13.6
2026utwv,2972,111.9,10.7,10.7
2026utwv,3006,108.4,20.5,20.2
2026utwv,3166,112.6,10.8,12
2026utwv,3243,114,12.8,12.4
2026utwv,3245,114,12.6,13.4
2026utwv,3288,100.7,22.6,21.1
2026utwv,3424,114.1,12.6,12.6
2026utwv,4175,113.2,11,9.6
2026utwv,4550,105.9,13.7,13.3
2026utwv,4585,106.4,8.2,7.5
2026utwv,4598,112.6,14.6,14.6
2026utwv,5071,106.9,9.1,8.9
2026utwv,5933,100.6,12,11.3
2026utwv,6487,111.4,14.8,14
2026utwv,7183,106.4,12,12.2
2026utwv,7426,114.3,15.4,15.3
2026utwv,7436,86.5,14.5,15.4
2026utwv,7634,80,13.3,13.3
2026utwv,7755,73.6,13.6,13.6
2026utwv,7895,107.9,9.8,10
2026utwv,7906,96.7,10.5,9.8
2026utwv,8805,87.5,14,14
2026utwv,8839,112.2,9.6,9.4
2026utwv,8885,81.4,10.6,9.9
2026utwv,9037,90.7,10.6,9.6
2026utwv,9138,52.5,7.2,8.2
2026utwv,9277,105.1,11.5,11.6
2026utwv,9726,102.5,13.4,13.4
2026utwv,10034,103.4,9.6,10.3
2026utwv,10256,114,15.5,15.7
2026utwv,10384,84,10.9,10.8
2026utwv,10933,111.6,12.8,13.4
2026utwv,10988,108.7,8.7,8.6
2026utwv,11100,107.6,18.7,19.1
2026vaale,116,108.5,9.1,9.1
2026vaale,122,107.9,13.8,13.8
2026vaale,449,115,11.5,11.5
2026vaale,526,101,11.5,11.7
2026vaale,539,112.9,10.1,10.1
2026vaale,611,113.8,12.6,12.5
2026vaale,612,91.1,9.9,10
2026vaale,620,105,19.4,19.4
2026vaale,1731,114.9,11.7,11.7
2026vaale,1793,81.3,12.9,12.4
2026vaale,1885,101.7,10.1,10.1
2026vaale,1895,86.4,10.2,10.7
2026vaale,1908,101.4,14.4,14.2
2026vaale,2028,103.7,10,9.7
2026vaale,2068,79.1,10.7,10.7
2026vaale,2186,96,12.5,12.9
2026vaale,2363,101.4,10.9,10.8
2026vaale,2377,114.4,16.3,16.1
2026vaale,2534,94.9,10.1,9.8
2026vaale,2890,114.2,10.5,9.3
2026vaale,2963,82.9,8.8,9.4
2026vaale,2988,68.5,10.4,10.4
2026vaale,3136,112.7,11.8,11.8
2026vaale,3258,64.9,11.3,11
2026vaale,3359,63.5,8.5,9
2026vaale,3373,90.5,9,8.9
2026vaale,4099,106.6,14.7,14.6
2026vaale,4472,103.2,12.5,12.2
2026vaale,4638,82,12.3,12.5
2026vaale,5243,112.3,10.4,10.2
2026vaale,5338,103.5,15.7,15.2
2026vaale,5353,79.2,11,10.7
2026vaale,5549,99,10.4,10.5
2026vaale,5587,81.8,11.3,11.7
2026vaale,6882,69.9,13.4,13.2
2026vaale,8230,103,13.4,13
2026vaale,8326,101.2,9.9,9.9
2026vaale,9072,113,16.6,16.8
2026vaale,9403,109.8,10.3,10.1
2026vaale,10449,57.8,6.8,6.8
2026vabla,346,114,13.5,14
2026vabla,401,98,12.5,12.5
2026vabla,422,108.5,10.5,11
2026vabla,540,99.5,18.5,18.5
2026vabla,617,65,9.5,9.5
2026vabla,619,112,11,11
2026vabla,977,99.5,15,15
2026vabla,1262,101.5,11.5,11.5
2026vabla,1522,72.5,14,16
2026vabla,1885,104.5,10,10
2026vabla,2106,114,16.5,17.5
2026vabla,3072,73.5,10.5,10.5
2026vabla,3136,103.5,12,12
2026vabla,3258,81,9.5,9.5
2026vabla,3361,66.5,10,10.5
2026vabla,3939,105.5,15.5,16.5
2026vabla,4456,111.5,14.5,12
2026vabla,5115,85.5,11.5,10
2026vabla,5724,104.5,11,11.5
2026vabla,5804,109,14,13.5
2026vabla,5830,91.5,10.5,10.5
2026vabla,6802,102,12,11.5
2026vabla,9003,109.5,10,10
2026vabla,9709,93,12.5,13
2026vabla,10004,106.5,11.5,11.5
2026vabla,10257,115,12.5,12.5
2026vabla,10370,63.5,12.5,12.5
2026vabla,11252,61,12.5,12
2026vabla,11415,102.5,15,15
2026vabla,11443,62.5,9.5,10
2026vache,122,108,13.5,13.5
2026vache,404,72,11,11
2026vache,422,106.4,10.6,11.3
2026vache,526,107.2,12.6,13.2
2026vache,539,113,10,10
2026vache,611,110.5,12,12.3
2026vache,612,93.8,9.9,9.8
2026vache,620,111.4,18.3,18.4
2026vache,1086,112.3,14.9,13.5
2026vache,1599,103.5,12,13.5
2026vache,1793,100.6,13,12.5
2026vache,1895,85.4,10,10.5
2026vache,1908,109,14.2,14
2026vache,2028,95,10,9.6
2026vache,2068,80.4,10.5,10.5
2026vache,2363,106.3,10.7,10.5
2026vache,2890,113.8,10.6,9.5
2026vache,2998,111.2,12,12
2026vache,3359,71,8.2,8.6
2026vache,4099,104.2,15.2,15.1
2026vache,4286,75.5,11.4,10.6
2026vache,6326,76.4,10.5,10.5
2026vache,8230,101.9,13.1,13.2
2026vache,9003,111.5,10,10
2026vache,9214,83.8,10.3,10.2
2026vache,9403,114.5,11.5,11.4
2026vache,10224,114.1,10.4,10.3
2026vache,11252,62,7.7,7.5
2026vache,11415,99.1,15,15
2026vache,11425,62.2,9.8,9
2026vagle,339,85.3,10.1,9.7
2026vagle,346,109.5,13.7,13.9
2026vagle,401,105.6,11.3,11.8
2026vagle,404,79.3,10.1,10.1
2026vagle,540,100.9,19,19
2026vagle,617,87,9.9,9.9
2026vagle,619,110,11.2,11.1
2026vagle,977,93.7,15,15
2026vagle,1086,111.3,16,13.7
2026vagle,1262,90.7,11.3,11.5
2026vagle,1522,86.8,14,16.2
2026vagle,1599,113.5,12.4,13.9
2026vagle,1915,100.1,13.2,13.3
2026vagle,2106,113.6,17.9,17.8
2026vagle,2998,96.8,12.1,12.1
2026vagle,3072,73.6,10.2,10.4
2026vagle,3361,65.1,9.9,9.8
2026vagle,3939,104.6,16.2,16.2
2026vagle,4286,74.2,11.4,10.5
2026vagle,5724,98.9,10.5,10.7
2026vagle,5804,103.7,10.2,8.7
2026vagle,6802,96.6,11.8,11.5
2026vagle,8326,94.7,10.2,10
2026vagle,8592,114,17.3,17.3
2026vagle,9214,80.3,9.7,10.2
2026vagle,9709,93.4,12.9,13
2026vagle,10004,103,11.7,11.7
2026vagle,10224,113.8,10.5,10.5
2026vagle,10257,108.6,12.5,12.3
2026vagle,11425,75.7,9.9,9.1
2026waahs,360,113.7,12.9,12.9
2026waahs,949,112.1,15.6,14.2
2026waahs,1778,108.2,12.7,12.1
2026waahs,2046,111.8,15.3,15.5
2026waahs,2906,70.2,12.4,11.8
2026waahs,2910,115.4,15.1,15.3
2026waahs,2927,110.7,12.2,12.4
2026waahs,2929,86.1,11.6,11.9
2026waahs,2980,79,8.4,8
2026waahs,3049,95.8,11.5,11.9
2026waahs,3070,111.5,11,10.9
2026waahs,3219,99.5,19.2,19.2
2026waahs,3393,85.5,10.6,11.4
2026waahs,3574,106.6,14.8,15
2026waahs,3663,111.4,14.7,14.7
2026waahs,3786,111.5,13.6,13.4
2026waahs,3876,74,12.7,11.5
2026waahs,4089,99.7,15.5,15.3
2026waahs,4173,95.7,12.3,12.2
2026waahs,4450,114.9,16.1,16
2026waahs,4469,111.8,11.8,11.8
2026waahs,4512,106.6,10.6,10.5
2026waahs,4579,51.3,10.5,9
2026waahs,4682,107.8,14.1,13.2
2026waahs,5295,61.4,8.4,9
2026waahs,5683,112.9,11.3,12.2
2026waahs,7627,98.9,9.4,10.5
2026waahs,8051,113.4,16.8,16
2026waahs,8302,67.1,10.8,10.8
2026waahs,8303,58.9,9.7,9.7
2026waahs,8896,88,11.4,11.6
2026waahs,9023,113.5,8.6,8.3
2026waahs,9446,100.6,12.4,12.5
2026waahs,10079,107.5,13.7,12.9
2026waahs,10455,65.7,9.5,8.8
2026waahs,11347,56.7,7.1,7.3
2026wabon,360,110.8,13,13.1
2026wabon,492,114.4,14.1,14.4
2026wabon,948,114.2,15.2,15.4
2026wabon,1318,113.2,10,10
2026wabon,1983,97.3,11.3,10.5
2026wabon,2046,113.9,14.6,14.6
2026wabon,2147,107.6,10.7,10.8
2026wabon,2412,104.5,22.3,22.1
2026wabon,2557,113.8,12.8,13.2
2026wabon,2906,67.8,12.5,12.3
2026wabon,2927,100.6,12.4,12.4
2026wabon,2928,114,13.7,13.5
2026wabon,2929,115,11.5,11.9
2026wabon,2976,105,13.6,13.2
2026wabon,3049,100.9,12.2,12.5
2026wabon,3218,115,9.5,9.5
2026wabon,3393,85.1,12.9,12
2026wabon,4450,113.1,16.4,17.2
2026wabon,4911,115,15,15.2
2026wabon,4980,97.7,12.5,12.7
2026wabon,5588,86,9.8,9.4
2026wabon,5683,109.6,11,12
2026wabon,5941,114.1,12,11.2
2026wabon,6350,77.5,11,11.6
2026wabon,7461,93,13.9,14.7
2026wabon,8248,112.8,12.8,12.5
2026wabon,8302,54.9,10.7,10.7
2026wabon,8303,57.2,9.4,9.4
2026wabon,8896,51.8,11.2,11.6
2026wabon,9446,100.2,12.4,12.5
2026wabon,9450,114.3,14.9,14.6
2026wabon,10416,100.7,13.2,12.8
2026wabon,10423,72.5,10.6,10.6
2026wabon,10455,76.4,8.7,8.1
2026wasam,488,108.2,13.3,13.4
2026wasam,492,112.8,14,14.6
2026wasam,948,113.4,15.1,15.1
2026wasam,949,111.1,15.4,14
2026wasam,1294,114.2,13.7,13.7
2026wasam,1318,109.5,10,10
2026wasam,1899,113.6,14.1,13.2
2026wasam,1983,102.2,12.2,12.3
2026wasam,2046,114.4,14.8,14.9
2026wasam,2412,101.5,22.1,22.1
2026wasam,2522,114.6,11.4,11.5
2026wasam,2903,81.5,12.6,12.6
2026wasam,2928,112.1,14.4,13.6
2026wasam,2976,106.7,13.8,13.7
2026wasam,3268,67.3,9.2,9.2
2026wasam,3681,111.9,12.5,12.3
2026wasam,3826,102.7,13.5,13.7
2026wasam,4180,107.2,11.3,11.5
2026wasam,4469,110.8,11.8,11.7
2026wasam,4911,112.1,15.7,16
2026wasam,5588,101.3,9.8,9.4
2026wasam,5937,114.5,11.5,10.9
2026wasam,6350,74.1,10.9,11.3
2026wasam,7461,97.7,13.8,14.9
2026wasam,8032,110.4,12.2,12.2
2026wasam,8248,110.6,12.2,12.6
2026wasam,9036,96.3,12.1,12.5
2026wasam,9317,97.4,16.2,16.3
2026wasam,9442,79.9,13.5,15.3
2026wasno,488,110.1,13.2,13.3
2026wasno,1294,115,12.5,12.5
2026wasno,1778,107.1,12.4,11.9
2026wasno,1899,114.3,13.8,12.9
2026wasno,2522,114.5,11.7,11.7
2026wasno,2903,70.6,9,8.3
2026wasno,2910,114.1,14.6,14.7
2026wasno,2930,112,8.9,9
2026wasno,2980,76.1,8.3,7.9
2026wasno,3070,109.9,10.6,10.7
2026wasno,3219,97.9,19.3,19.3
2026wasno,3268,63,9.1,8.7
2026wasno,3681,109.7,11.8,11.2
2026wasno,3786,110.5,14.2,14.3
2026wasno,3826,94.8,13.7,13.6
2026wasno,4089,103.7,14.9,14.8
2026wasno,4131,94,11.4,11.4
2026wasno,4173,91.6,11.9,12
2026wasno,4180,108.6,10.5,11
2026wasno,4512,107.6,10.1,10.4
2026wasno,4579,58.2,9.1,10.5
2026wasno,4682,112.8,13.7,13.2
2026wasno,4915,107.1,16.1,16.3
2026wasno,5941,114.5,12.8,12
2026wasno,7627,96.6,9.3,10.2
2026wasno,8051,112.2,16.1,16
2026wasno,9036,94.5,12.2,12.4
2026wasno,9317,99.5,16.4,16.2
2026wasno,9442,69.8,15.3,15.4
2026wasno,10079,98.3,14.2,12.9
2026wayak,753,114.8,10.7,10.9
2026wayak,1595,114.3,13.6,14.1
2026wayak,2147,115,10.8,10.8
2026wayak,2811,113.7,18.9,18.4
2026wayak,2926,83,12.3,12.3
2026wayak,3218,113.9,9.5,9.5
2026wayak,3712,97.8,14.8,14.8
2026wayak,3876,73.5,12.2,11.1
2026wayak,4060,105.7,12.3,12.1
2026wayak,4061,96.3,10.7,10.6
2026wayak,4125,111.2,14.4,14.2
2026wayak,4131,93.6,11.6,11.6
2026wayak,4513,90.8,12.2,12.4
2026wayak,4692,113.8,12.1,12.1
2026wayak,4980,99.6,12.4,12.3
2026wayak,5295,56.9,8.1,9
2026wayak,5468,107.6,16.1,15.8
2026wayak,5920,103.7,11.4,11.7
2026wayak,6443,110.2,12.4,12.5
2026wayak,6845,92.8,12.3,12.2
2026wayak,8532,70.3,11.7,11.6
2026wayak,9023,112.8,8.8,8.2
2026wayak,9450,105.6,14.4,14.4
2026wayak,9613,63.4,10.4,10.4
2026wayak,10416,102.4,13.6,13.1
2026wayak,10423,73.3,10.6,10.6
2026wayak,11347,56.3,6.9,7.1
2026wiapp,93,114.4,13.8,13.8
2026wiapp,171,82.6,12.3,12.7
2026wiapp,706,113.9,10.3,10.3
2026wiapp,1091,113.2,9.7,9.8
2026wiapp,1259,106.4,21.4,21.3
2026wiapp,1306,113.1,17.1,16.5
2026wiapp,1716,110.9,16.4,16.4
2026wiapp,1792,114.5,15.1,13.8
2026wiapp,2194,114.5,17.9,17.8
2026wiapp,2826,109.7,11.2,11.2
2026wiapp,2830,96.3,15.7,15.7
2026wiapp,3197,106.5,12.5,12
2026wiapp,3381,75.2,14.4,14.9
2026wiapp,4054,80.2,15.5,15.5
2026wiapp,5019,81.9,13.4,13.1
2026wiapp,5096,109.6,14.1,14.1
2026wiapp,5148,80,13,13
2026wiapp,5826,109.9,12.9,12.8
2026wiapp,5903,113.6,11,10.5
2026wiapp,6223,114.1,14.5,14.2
2026wiapp,6318,114.4,10.1,9.8
2026wiapp,6421,112.7,12.7,12.8
2026wiapp,6643,88.4,12.5,12.5
2026wiapp,6732,84.7,10,10.4
2026wiapp,7103,114.7,11.2,10.3
2026wiapp,8700,78.7,9.4,9.4
2026wiapp,8744,114.8,13.3,13.9
2026wiapp,8802,84.7,10.2,10.2
2026wiapp,8803,59.7,9.8,10.4
2026wiapp,9425,65.1,9.1,9.1
2026wiapp,9578,113.4,10.7,11
2026wiapp,9760,96,10.7,10.7
2026wiapp,10264,103.1,12.4,12
2026wiapp,10287,66.2,10.2,10.2
2026wiapp,10553,111.4,10.4,10.8
2026wiapp,10909,70.5,12.4,12.5
2026wiapp,11139,82.3,8.8,8.4
2026wiapp,11258,61.8,15.8,15.5
2026wicmp,93,115.1,13.8,13.8
2026wicmp,171,105.6,12.2,12.5
2026wicmp,537,108.1,16.8,16.8
2026wicmp,706,114.5,10.4,10.4
2026wicmp,930,114,13.1,13
2026wicmp,1259,108.7,20.8,21.1
2026wicmp,1306,110.9,12.8,13.1
2026wicmp,1675,106.1,13.8,13.4
2026wicmp,1714,114.6,19.5,19.5
2026wicmp,1732,113.1,13.2,13.6
2026wicmp,1792,110,15,14.1
2026wicmp,2062,106.3,16.8,16.8
2026wicmp,2194,113.8,18.2,18.1
2026wicmp,2202,100.7,11.8,11.6
2026wicmp,2506,112.7,18.2,18.6
2026wicmp,2826,110.3,11.5,11.5
2026wicmp,2830,110.8,15.7,15.7
2026wicmp,3197,115,12.5,12.1
2026wicmp,4021,114.8,11.6,11.8
2026wicmp,4531,107.8,13.8,15.1
2026wicmp,4786,108.1,15,14.6
2026wicmp,5586,113.2,12.6,13.1
2026wicmp,5826,107.7,13.5,13.4
2026wicmp,6223,114.3,14.8,14.7
2026wicmp,6381,115,15.9,16.3
2026wicmp,6421,110.4,12.6,12.7
2026wicmp,6574,114.5,11.6,13.7
2026wicmp,6732,113.2,11.2,11.9
2026wicmp,7900,114.6,11.5,11.8
2026wicmp,7915,113.4,12.3,12.3
2026wicmp,8701,114.3,14.1,14.1
2026wicmp,8744,114.6,13.5,14.2
2026wicmp,9149,101.2,12.6,12.7
2026wicmp,10264,87.5,12.2,11.8
2026wicmp,10553,113.8,10.6,11.2
2026wicmp,10909,66.8,12.2,12.2
2026wilax,135,98.1,14.1,14.9
2026wilax,171,89.2,12.1,12.6
2026wilax,706,112.1,10.8,10.8
2026wilax,930,114.3,15.1,12.6
2026wilax,1259,108.3,20.7,20.8
2026wilax,1716,114.9,16.5,16.5
2026wilax,1792,114.3,14.2,14
2026wilax,2143,109.2,12,12.1
2026wilax,2194,112.1,17.8,17.8
2026wilax,2826,107.5,10.3,11.4
2026wilax,3381,114.6,15.5,15.5
2026wilax,3418,103.6,14.1,14.1
2026wilax,3692,105.5,12,12
2026wilax,4021,110.2,11.5,11.5
2026wilax,4054,81.7,16.2,15
2026wilax,4531,104.9,13.4,14.1
2026wilax,5019,83,13.2,12.9
2026wilax,5586,112,12.2,12.8
2026wilax,5826,114.1,13.1,13.2
2026wilax,5903,101.8,10.9,10.5
2026wilax,6166,112.2,16.5,16.5
2026wilax,6574,114.9,13.4,13.4
2026wilax,6732,113.2,9.6,10.3
2026wilax,7619,112,12.9,13.3
2026wilax,8024,65,13.5,16.8
2026wilax,8700,83.3,8.6,8.6
2026wilax,8744,112.8,12.4,14
2026wilax,8782,85,13.4,13.1
2026wilax,9149,97.1,12.5,12.6
2026wilax,9578,99.6,10.7,11
2026wilax,10264,103.8,11.3,11.9
2026wilax,11139,72.2,7.6,8.6
2026wilax,11158,104.1,8.7,9.2
2026wilax,11258,71.5,15.7,15.4
2026wimuk,93,110.3,14.2,14.2
2026wimuk,537,110,16.5,16.5
2026wimuk,1220,102.4,11.8,12
2026wimuk,1675,110.9,13.8,13.5
2026wimuk,1714,110,16.5,16.6
2026wimuk,1732,105.5,13.3,13.4
2026wimuk,2062,102.7,16.2,16.2
2026wimuk,2077,83.7,10.5,10.5
2026wimuk,2202,96.4,11.6,11.6
2026wimuk,2506,110.6,18.4,18.8
2026wimuk,2830,109,15.4,15.4
2026wimuk,3596,106.2,16.2,16.1
2026wimuk,3692,107,12,12
2026wimuk,4531,104.1,13.6,13.9
2026wimuk,4786,107,14.7,14.5
2026wimuk,5096,111.3,13.9,13.9
2026wimuk,5148,80,13,13
2026wimuk,5586,112.2,12.2,12.7
2026wimuk,6166,98.3,13.5,13.5
2026wimuk,6381,108.2,15.7,16.1
2026wimuk,6643,88.8,11.7,11.7
2026wimuk,7103,114.4,11.3,10.3
2026wimuk,7900,113.5,11.4,11.4
2026wimuk,7915,113.8,12.9,12.9
2026wimuk,8531,102.6,15.2,14.8
2026wimuk,8701,113.2,14.2,14.2
2026wimuk,8802,84.2,10,10
2026wimuk,8847,79,13.1,13.5
2026wimuk,9425,64.3,9.2,9.2
2026wimuk,9760,96.4,10.6,10.6
2026wimuk,10287,64.9,10.4,10.4
2026wimuk,10430,71.8,13.7,13.9
2026wimuk,10522,98.1,9.8,9.5
2026wimuk,10553,111.2,10,11.5
2026wimuk,10909,65.6,12.2,12.2
2026wimuk,11158,78.1,8.8,8.8
2026wiply,537,106.5,15.8,15.8
2026wiply,930,114.2,16.8,14.3
2026wiply,1091,112,7.5,7.5
2026wiply,1220,92.7,11.9,12
2026wiply,1306,113.5,17.4,16.8
2026wiply,1675,108.7,13.6,13.1
2026wiply,1714,110.8,16.4,16.6
2026wiply,1732,112.8,13,13.2
2026wiply,2062,99.3,16.4,16.4
2026wiply,2077,94.4,11.3,10.9
2026wiply,2143,107,11.8,12.2
2026wiply,2202,92.9,11.6,11.6
2026wiply,2506,103.1,18,18.3
2026wiply,3197,114.6,11.9,11.9
2026wiply,3418,101.3,13.9,13.9
2026wiply,3596,108.4,16.2,16.3
2026wiply,4021,84.4,10.6,11.4
2026wiply,4786,101.3,13.5,11.9
2026wiply,6223,114.5,14.5,14.2
2026wiply,6318,103.3,10.2,9.8
2026wiply,6381,113.9,15.6,15.9
2026wiply,6421,111.6,12.6,12.6
2026wiply,6574,107.7,13.4,13.3
2026wiply,7619,109.1,11.8,12.3
2026wiply,7900,112.2,11.5,11.4
2026wiply,7915,113.5,12.2,12.2
2026wiply,8531,79,14.3,14
2026wiply,8701,106.1,14.1,14.1
2026wiply,8847,75.8,13.1,13.6
2026wiply,9149,88,12.8,12.9
2026wiply,10430,73,13.8,13.6
2026wiply,10522,100.5,11.8,11.8